id,observed_on_string,observed_on,time_observed_at,time_zone,user_id,user_login,created_at,updated_at,quality_grade,license,url,image_url,image_hyperlinks,phyenotype (metamorphosis stage),tag_list,description,num_identification_agreements,num_identification_disagreements,captive_cultivated,oauth_application_id,place_guess,latitude,longitude,positional_accuracy,geoprivacy,taxon_geoprivacy,coordinates_obscured,positioning_method,positioning_device,place_state_name,species_guess,scientific_name,common_name,iconic_taxon_name,taxon_id,taxon_subphylum_name,taxon_species_name,taxon_subspecies_name
58506,10/1/2010,10/1/2010,,Eastern Time (US & Canada),5245,kent_miller,2012-03-17 22:57:24 UTC,2018-08-13 23:58:54 UTC,research,CC-BY,http://www.inaturalist.org/observations/58506,https://static.inaturalist.org/photos/91074/medium.JPG,https://static.inaturalist.org/photos/91074/medium.JPG,butterfly,,,1,0,FALSE,,Walborn Reservoir,40.9771265,-81.1808181,1638,,,FALSE,,,Ohio,Monarch Butterfly,Danaus plexippus,Monarch,Insecta,48662,Hexapoda,Danaus plexippus,
59696,12/18/2010,12/18/2010,,Eastern Time (US & Canada),5245,kent_miller,2012-03-24 14:09:09 UTC,2020-02-06 05:07:27 UTC,research,CC-BY,http://www.inaturalist.org/observations/59696,https://static.inaturalist.org/photos/92626/medium.JPG,https://static.inaturalist.org/photos/92626/medium.JPG,butterfly,,,2,0,FALSE,,"Santa Cruz de la Sierra, Bolivia",-17.78879,-63.197418,19878,,,FALSE,,,Santa Cruz,Southern Monarch,Danaus erippus,South American Monarch,Insecta,126299,Hexapoda,Danaus erippus,
85603,5/31/2012,5/31/2012,,Eastern Time (US & Canada),5245,kent_miller,2012-06-01 12:53:39 UTC,2019-11-10 17:45:29 UTC,research,CC-BY,http://www.inaturalist.org/observations/85603,https://static.inaturalist.org/photos/125316/medium.JPG,https://static.inaturalist.org/photos/125316/medium.JPG,butterfly,,,2,0,FALSE,,Springfield Bog,41.01133562,-81.39541257,,,,FALSE,,,Ohio,Monarch,Danaus plexippus,Monarch,Insecta,48662,Hexapoda,Danaus plexippus,
318380,6/27/2013,6/27/2013,,Eastern Time (US & Canada),5245,kent_miller,2013-07-02 13:45:24 UTC,2019-08-27 18:31:33 UTC,research,CC-BY,http://www.inaturalist.org/observations/318380,https://static.inaturalist.org/photos/395697/medium.JPG?1372772728,https://static.inaturalist.org/photos/395697/medium.JPG?1372772728,butterfly,,,1,0,FALSE,,Indian Key State Park,24.878261,-80.677071,1968,,,FALSE,,,Florida,Queen Butterfly,Danaus gilippus,Queen,Insecta,51743,Hexapoda,Danaus gilippus,
406353,9/23/2013,9/23/2013,,Monterrey,21332,oscar_almeda,2013-09-24 03:30:13 UTC,2016-07-05 23:01:42 UTC,research,CC-BY-SA,http://conabio.inaturalist.org/observations/406353,https://static.inaturalist.org/photos/508557/medium.JPG?1379993421,https://static.inaturalist.org/photos/508557/medium.JPG?1379993421,caterpillar,"mariposa, monarca, danaus, plexippus, UANL, migracion",,3,0,FALSE,,"Nuevo León, MX",25.73774238,-100.3669779,14,obscured,,TRUE,,,Nuevo León,Danaus plexippus,Danaus plexippus,Monarch,Insecta,48662,Hexapoda,Danaus plexippus,
416233,10/2/2013,10/2/2013,,Monterrey,21332,oscar_almeda,2013-10-03 03:53:08 UTC,2016-07-05 23:04:11 UTC,research,CC-BY-SA,http://conabio.inaturalist.org/observations/416233,https://static.inaturalist.org/photos/523879/medium.JPG?1380772393,https://static.inaturalist.org/photos/523879/medium.JPG?1380772393,caterpillar,"mariposa, monarca, larva, oruga",,1,0,FALSE,,"Nuevo León, MX",25.70027506,-100.2908438,7,obscured,,TRUE,,,Nuevo León,Danaus plexippus,Danaus plexippus,Monarch,Insecta,48662,Hexapoda,Danaus plexippus,
513346,Mon Jan 27 2014 12:58:57 GMT-0800 (PST),1/27/2014,2014-01-27 20:58:57 UTC,Pacific Time (US & Canada),28796,msmith218,2014-01-27 22:32:29 UTC,2019-08-01 15:07:19 UTC,research,CC-BY-ND,http://www.inaturalist.org/observations/513346,https://static.inaturalist.org/photos/653712/medium.jpg?1390862006,https://static.inaturalist.org/photos/653712/medium.jpg?1390862006,butterfly,,,2,0,FALSE,3,"Exposition Park, Los Angeles, CA, US",34.017446,-118.288343,65,,,FALSE,,,California,Danaus plexippis,Danaus plexippus,Monarch,Insecta,48662,Hexapoda,Danaus plexippus,
1114949,11/19/2014,11/19/2014,,Eastern Time (US & Canada),5245,kent_miller,2014-12-06 13:30:52 UTC,2014-12-08 02:47:31 UTC,research,CC-BY,http://www.inaturalist.org/observations/1114949,https://static.inaturalist.org/photos/1401155/medium.JPG?1417872656,https://static.inaturalist.org/photos/1401155/medium.JPG?1417872656,butterfly,,,2,0,FALSE,,"Santa Cruz, Bolivia",-17.833278,-63.196328,126,,,FALSE,,,Santa Cruz,southern monarch,Danaus erippus,South American Monarch,Insecta,126299,Hexapoda,Danaus erippus,
1705819,11/10/2013 9:27,11/10/2013,2013-11-10 14:27:48 UTC,Eastern Time (US & Canada),112822,billmiky,2015-06-29 17:42:35 UTC,2020-03-23 02:47:27 UTC,research,CC-BY-NC,http://www.inaturalist.org/observations/1705819,https://static.inaturalist.org/photos/2066210/medium.jpg?1444470582,https://static.inaturalist.org/photos/2066210/medium.jpg?1444470582,butterfly,,,2,0,FALSE,,"savannas preserve state park, fl",27.334273,-80.285337,12484,,,FALSE,,google,Florida,Queen Butterfly,Danaus gilippus,Queen,Insecta,51743,Hexapoda,Danaus gilippus,
2947163,Sat Apr 16 2016 09:51:03 GMT-0700 (PDT),4/16/2016,2016-04-16 16:51:03 UTC,Pacific Time (US & Canada),3631,ajzellmer,2016-04-16 16:54:30 UTC,2020-09-21 16:37:24 UTC,research,CC-BY-ND,http://www.inaturalist.org/observations/2947163,https://static.inaturalist.org/photos/3379896/medium.jpg?1460825685,https://static.inaturalist.org/photos/3379896/medium.jpg?1460825685,butterfly,,,1,0,FALSE,3,"1551 Campus Rd, Los Angeles, CA, US",34.12500833,-118.2133867,,,,FALSE,,,California,Monarch,Danaus plexippus,Monarch,Insecta,48662,Hexapoda,Danaus plexippus,
4224855,2016-09-28 1:23:35 PM CDT,9/28/2016,2016-09-28 18:23:35 UTC,Central Time (US & Canada),292021,bugbear,2016-09-28 18:24:12 UTC,2019-12-06 21:53:50 UTC,research,CC-BY-ND,http://www.inaturalist.org/observations/4224855,https://static.inaturalist.org/photos/5044400/medium.jpeg?1475087063,https://static.inaturalist.org/photos/5044400/medium.jpeg?1475087063,caterpillar,,,2,0,FALSE,2,"527 Volanta Avenue Fairhope, AL 36532",30.53918588,-87.89266522,10,,,FALSE,,,Alabama,Monarch,Danaus plexippus,Monarch,Insecta,48662,Hexapoda,Danaus plexippus,
4575625,Sun Nov 06 2016 11:49:01 GMT-0600 (CST),11/6/2016,2016-11-06 17:49:01 UTC,Central Time (US & Canada),221676,kristin22,2016-11-15 14:29:52 UTC,2016-11-16 04:36:14 UTC,research,CC-BY-NC,http://www.inaturalist.org/observations/4575625,https://static.inaturalist.org/photos/5524897/medium.jpg?1479220207,https://static.inaturalist.org/photos/5524897/medium.jpg?1479220207,butterfly,,,3,0,FALSE,3,"Texas, US",32.70598147,-96.96492314,,obscured,,TRUE,,,Texas,Monarch,Danaus plexippus,Monarch,Insecta,48662,Hexapoda,Danaus plexippus,
4859067,Wed Dec 28 2016 13:00:58 GMT-0800 (PST),12/28/2016,2016-12-28 21:00:58 UTC,Pacific Time (US & Canada),3631,ajzellmer,2016-12-28 22:48:57 UTC,2020-09-26 23:15:06 UTC,research,CC-BY-ND,https://www.inaturalist.org/observations/4859067,https://static.inaturalist.org/photos/5900161/medium.jpg?1482965368,https://static.inaturalist.org/photos/5900161/medium.jpg?1482965368,butterfly,,,2,0,FALSE,3,"92264, Palm Springs, CA, US",33.761895,-116.5512783,,,,FALSE,,,California,Monarch,Danaus plexippus,Monarch,Insecta,48662,Hexapoda,Danaus plexippus,
5393658,Sat Mar 18 2017 15:04:54 GMT-0700 (PDT),3/18/2017,2017-03-18 22:04:54 UTC,Pacific Time (US & Canada),3631,ajzellmer,2017-03-19 02:24:13 UTC,2020-09-18 21:12:36 UTC,research,CC-BY-ND,https://www.inaturalist.org/observations/5393658,https://static.inaturalist.org/photos/6626306/medium.jpg?1489890279,https://static.inaturalist.org/photos/6626306/medium.jpg?1489890279,butterfly,,,3,0,FALSE,3,"1551 Campus Rd, Los Angeles, CA, US",34.125225,-118.2133117,,,,FALSE,,,California,Monarch,Danaus plexippus,Monarch,Insecta,48662,Hexapoda,Danaus plexippus,
5448001,Fri Mar 24 2017 18:28:39 GMT-0700 (PDT),3/24/2017,2017-03-25 01:28:39 UTC,Pacific Time (US & Canada),3631,ajzellmer,2017-03-25 01:47:21 UTC,2020-09-18 18:21:10 UTC,research,CC-BY-ND,https://www.inaturalist.org/observations/5448001,https://static.inaturalist.org/photos/6705320/medium.jpg?1490406447,https://static.inaturalist.org/photos/6705320/medium.jpg?1490406447,caterpillar,,,3,0,FALSE,3,"1525–1599 N Avenue 47, Los Angeles, CA, US",34.1251195,-118.2132033,,,,FALSE,,,California,Monarch,Danaus plexippus,Monarch,Insecta,48662,Hexapoda,Danaus plexippus,
7349692,2017-08-02 11:54:24 AM EDT,8/2/2017,2017-08-02 15:54:24 UTC,Eastern Time (US & Canada),88665,jpage_cwf,2017-08-04 19:01:50 UTC,2018-04-16 23:36:39 UTC,research,CC-BY-ND,https://www.inaturalist.org/observations/7349692,https://static.inaturalist.org/photos/9527122/medium.jpeg?1501873324,https://static.inaturalist.org/photos/9527122/medium.jpeg?1501873324,butterfly,,Dead on the side of the road,3,0,FALSE,2,"Leeds and Grenville, CA-ON, CA",44.63769336,-75.86441527,7,,open,FALSE,,,,Monarch,Danaus plexippus,Monarch,Insecta,48662,Hexapoda,Danaus plexippus,
7375213,2017-01-29 12:18:47 PM GMT-03:00,1/29/2017,2017-01-29 09:18:47 UTC,Baghdad,565735,horacionomade,2017-08-06 15:12:24 UTC,2019-07-31 22:07:34 UTC,research,CC-BY-NC,https://www.inaturalist.org/observations/7375213,https://static.inaturalist.org/photos/9568184/medium.jpeg?1502032351,https://static.inaturalist.org/photos/9568184/medium.jpeg?1502032351,butterfly,,Verano 2017,2,0,FALSE,2,"Diego de Carvajal 582, Hurlingham, Buenos Aires, Argentina",-34.6043305,-58.6314418,19,,,FALSE,,,,Southern Monarch,Danaus erippus,South American Monarch,Insecta,126299,Hexapoda,Danaus erippus,
7605519,2017/08/15 11:04 AM ART,8/15/2017,2017-08-15 14:04:00 UTC,Buenos Aires,565735,horacionomade,2017-08-22 17:03:30 UTC,2018-10-22 21:10:21 UTC,research,CC-BY-ND,https://www.inaturalist.org/observations/7605519,https://static.inaturalist.org/photos/9938878/medium.jpg?1503420892,https://static.inaturalist.org/photos/9938878/medium.jpg?1503420892,egg,,"Huevo de Danaus erippus, primera puesta del invierno-primavera 2017",1,0,FALSE,,"Hurlingham, Provincia de Buenos Aires, Argentina",-34.6042213,-58.63139391,15,,,FALSE,,,,Southern Monarch,Danaus erippus,South American Monarch,Insecta,126299,Hexapoda,Danaus erippus,
7739758,2017-09-01 11:13:47 AM PDT,9/1/2017,2017-09-01 18:13:47 UTC,Pacific Time (US & Canada),31080,barbararice,2017-09-01 18:14:17 UTC,2018-01-13 02:02:18 UTC,research,CC-BY-ND,https://www.inaturalist.org/observations/7739758,https://static.inaturalist.org/photos/10158158/medium.jpeg?1504289659,https://static.inaturalist.org/photos/10158158/medium.jpeg?1504289659,butterfly,,,2,0,FALSE,2,"40295 Foremast, Sea Ranch, CA 95497, USA",38.73834991,-123.4971848,,,,FALSE,gps,gps,California,Monarch,Danaus plexippus,Monarch,Insecta,48662,Hexapoda,Danaus plexippus,
8090057,2017-09-25 10:09:32 AM PDT,9/25/2017,2017-09-25 17:09:32 UTC,Pacific Time (US & Canada),31080,barbararice,2017-09-25 17:16:18 UTC,2018-01-12 05:32:07 UTC,research,CC-BY-ND,https://www.inaturalist.org/observations/8090057,https://static.inaturalist.org/photos/10728209/medium.jpeg?1506359841,https://static.inaturalist.org/photos/10728209/medium.jpeg?1506359841,butterfly,,"About 3 dozen, Nectaring on Arbutus undo.",2,0,FALSE,2,"Coast Hwy, Stewarts Point, CA 95480, USA",38.74281313,-123.4994049,2752,,,FALSE,gps,gps,California,Monarch,Danaus plexippus,Monarch,Insecta,48662,Hexapoda,Danaus plexippus,
8653996,2017/08/19 12:51 PM EDT,8/19/2017,2017-08-19 16:51:00 UTC,Eastern Time (US & Canada),88665,jpage_cwf,2017-11-02 14:09:49 UTC,2019-11-06 16:26:14 UTC,research,CC-BY-ND,https://www.inaturalist.org/observations/8653996,https://static.inaturalist.org/photos/11588142/medium.jpeg?1509629134,https://static.inaturalist.org/photos/11588142/medium.jpeg?1509629134,butterfly,,,3,0,FALSE,,"Les Pays-d'en-Haut, Québec, Canada",45.89993,-74.254085,5,,,FALSE,,,,Monarch,Danaus plexippus,Monarch,Insecta,48662,Hexapoda,Danaus plexippus,
8654015,2017/08/23 12:01 PM EDT,8/23/2017,2017-08-23 16:01:00 UTC,Eastern Time (US & Canada),88665,jpage_cwf,2017-11-02 14:09:55 UTC,2019-11-06 16:23:47 UTC,research,CC-BY-ND,https://www.inaturalist.org/observations/8654015,https://static.inaturalist.org/photos/11588167/medium.jpeg?1509629265,https://static.inaturalist.org/photos/11588167/medium.jpeg?1509629265,butterfly,,,2,0,FALSE,,"Les Chutes-de-la-Chaudière, Québec, Canada",46.67967667,-71.23034167,10,,,FALSE,,,,Monarch,Danaus plexippus,Monarch,Insecta,48662,Hexapoda,Danaus plexippus,
8865973,Sun Nov 19 2017 14:53:30 GMT-0800 (PST),11/19/2017,2017-11-19 22:53:30 UTC,Pacific Time (US & Canada),3631,ajzellmer,2017-11-19 22:56:49 UTC,2018-01-14 00:51:25 UTC,research,CC-BY-ND,https://www.inaturalist.org/observations/8865973,https://static.inaturalist.org/photos/11920345/medium.jpg?1511132223,https://static.inaturalist.org/photos/11920345/medium.jpg?1511132223,butterfly,,,1,0,FALSE,3,"1541 Campus Rd, Los Angeles, CA, US",34.1250445,-118.2130283,10,,,FALSE,,,California,Monarch,Danaus plexippus,Monarch,Insecta,48662,Hexapoda,Danaus plexippus,
9069531,2017/12/07 10:58 AM NZDT,12/7/2017,2017-12-06 21:58:00 UTC,Wellington,57836,nadiacooper1975,2017-12-07 00:11:51 UTC,2017-12-07 15:57:18 UTC,research,CC-BY-ND,https://www.inaturalist.org/observations/9069531,https://static.inaturalist.org/photos/12247816/medium.jpeg?1512605395,https://static.inaturalist.org/photos/12247816/medium.jpeg?1512605395,butterfly,,,2,0,FALSE,,"Point Chevalier, Auckland, New Zealand",-36.87349283,174.7032809,15,,,FALSE,,,Auckland,Monarque,Danaus plexippus,Monarch,Insecta,48662,Hexapoda,Danaus plexippus,
9677705,Fri Oct 06 2017 11:48:33 GMT-0700 (PDT),10/6/2017,2017-10-06 18:48:33 UTC,Pacific Time (US & Canada),142006,sjacobsen,2018-01-31 05:19:00 UTC,2018-01-31 20:33:08 UTC,research,CC-BY-NC-ND,https://www.inaturalist.org/observations/9677705,https://static.inaturalist.org/photos/13227443/medium.jpg?1517375958,https://static.inaturalist.org/photos/13227443/medium.jpg?1517375958,chrysalis,,,1,0,FALSE,3,"The Presidio of San Francisco, San Francisco, CA, US",37.79772502,-122.4723405,10,,,FALSE,,,California,Monarch,Danaus plexippus,Monarch,Insecta,48662,Hexapoda,Danaus plexippus,
10724120,Sun Apr 08 2018 08:16:28 GMT-0700 (PDT),4/8/2018,2018-04-08 15:16:28 UTC,Pacific Time (US & Canada),3631,ajzellmer,2018-04-09 06:23:50 UTC,2018-04-09 07:31:17 UTC,research,CC-BY-ND,https://www.inaturalist.org/observations/10724120,https://static.inaturalist.org/photos/14983740/medium.jpg?1523255037,https://static.inaturalist.org/photos/14983740/medium.jpg?1523255037,caterpillar,,,1,0,FALSE,3,"1551 Campus Rd, Los Angeles, CA, US",34.12519167,-118.213255,0,,,FALSE,,,California,Monarch,Danaus plexippus,Monarch,Insecta,48662,Hexapoda,Danaus plexippus,
10795563,2018/03/25 3:41 PM CDT,3/25/2018,2018-03-25 20:41:00 UTC,Central Time (US & Canada),21288,russh,2018-04-12 03:21:30 UTC,2020-09-18 20:57:44 UTC,research,CC-BY-ND,https://www.inaturalist.org/observations/10795563,https://static.inaturalist.org/photos/15105996/medium.jpeg?1523500625,https://static.inaturalist.org/photos/15105996/medium.jpeg?1523500625,butterfly,,,2,0,FALSE,,"Aransas County, TX, USA",28.21728976,-96.91040039,15625,,,FALSE,,,Texas,Monarch,Danaus plexippus,Monarch,Insecta,48662,Hexapoda,Danaus plexippus,
11096958,2018/04/16 11:18 AM CDT,4/16/2018,2018-04-16 16:18:00 UTC,Central Time (US & Canada),21288,russh,2018-04-18 03:38:13 UTC,2018-09-29 22:59:48 UTC,research,CC-BY-ND,https://www.inaturalist.org/observations/11096958,https://static.inaturalist.org/photos/15674015/medium.jpeg?1524021904,https://static.inaturalist.org/photos/15674015/medium.jpeg?1524021904,butterfly,,,2,0,FALSE,,"Blanco County, TX, USA",30.27104185,-98.5677974,1874,,,FALSE,,,Texas,Monarch,Danaus plexippus,Monarch,Insecta,48662,Hexapoda,Danaus plexippus,
11217569,2018/03/22 2:47 PM CDT,3/22/2018,2018-03-22 19:47:00 UTC,Central Time (US & Canada),21288,russh,2018-04-20 15:54:04 UTC,2019-07-30 17:17:36 UTC,research,CC-BY-ND,https://www.inaturalist.org/observations/11217569,https://static.inaturalist.org/photos/15912185/medium.jpeg?1524239044,https://static.inaturalist.org/photos/15912185/medium.jpeg?1524239044,butterfly,,,2,0,FALSE,,"Orange County, FL, USA",28.4034336,-81.43022419,199,,,FALSE,,,Florida,Monarch,Danaus plexippus,Monarch,Insecta,48662,Hexapoda,Danaus plexippus,
12499576,Tue May 15 2018 09:47:24 GMT-0700 (PDT),5/15/2018,2018-05-15 16:47:24 UTC,Pacific Time (US & Canada),25680,naturerocks,2018-05-16 00:15:23 UTC,2020-09-16 19:22:19 UTC,research,CC-BY-ND,https://www.inaturalist.org/observations/12499576,https://static.inaturalist.org/photos/18043847/medium.jpg?1526429726,https://static.inaturalist.org/photos/18043847/medium.jpg?1526429726,butterfly,,,1,0,FALSE,3,"Ventura County, US-CA, US",34.5060891,-119.3858837,10,obscured,,TRUE,,,California,Monarch,Danaus plexippus,Monarch,Insecta,48662,Hexapoda,Danaus plexippus,
12766384,7/18/2015 9:07,7/18/2015,2015-07-18 13:07:30 UTC,Indiana (East),979991,bethinbrowncounty,2018-05-24 12:05:29 UTC,2019-08-05 14:09:06 UTC,research,CC-BY-NC,https://www.inaturalist.org/observations/12766384,https://static.inaturalist.org/photos/18500257/medium.jpg?1527163521,https://static.inaturalist.org/photos/18500257/medium.jpg?1527163521,butterfly,,,1,0,FALSE,,Goose Pond FWA,38.970349,-87.199961,,,,FALSE,,,Indiana,Monarch,Danaus plexippus,Monarch,Insecta,48662,Hexapoda,Danaus plexippus,
12766385,7/18/2015 9:08,7/18/2015,2015-07-18 13:08:36 UTC,Indiana (East),979991,bethinbrowncounty,2018-05-24 12:05:32 UTC,2019-08-05 14:08:53 UTC,research,CC-BY-NC,https://www.inaturalist.org/observations/12766385,https://static.inaturalist.org/photos/18500258/medium.jpg?1527163522,https://static.inaturalist.org/photos/18500258/medium.jpg?1527163522,butterfly,,,1,0,FALSE,,Goose Pond FWA,38.970349,-87.199961,,,,FALSE,,,Indiana,Monarch,Danaus plexippus,Monarch,Insecta,48662,Hexapoda,Danaus plexippus,
13316374,2018/06/03 11:48 AM CDT,6/3/2018,2018-06-03 16:48:00 UTC,Central Time (US & Canada),21288,russh,2018-06-10 23:27:38 UTC,2020-09-24 04:33:30 UTC,research,CC-BY-ND,https://www.inaturalist.org/observations/13316374,https://static.inaturalist.org/photos/19503568/medium.jpeg?1528671647,https://static.inaturalist.org/photos/19503568/medium.jpeg?1528671647,butterfly,,,2,0,FALSE,,"Near South Side, Chicago, IL, USA",41.84910517,-87.61154387,488,,,FALSE,,,Illinois,Monarch,Danaus plexippus,Monarch,Insecta,48662,Hexapoda,Danaus plexippus,
13559483,Mon Jun 18 2018 13:03:57 GMT-0700 (PDT),6/18/2018,2018-06-18 20:03:57 UTC,Pacific Time (US & Canada),994233,bonnienickel,2018-06-18 20:10:06 UTC,2020-09-23 17:23:14 UTC,research,CC-BY-ND,https://www.inaturalist.org/observations/13559483,https://static.inaturalist.org/photos/19936341/medium.jpg?1529352635,https://static.inaturalist.org/photos/19936341/medium.jpg?1529352635,butterfly,,,1,0,FALSE,3,"3628 Charles St, San Diego, CA, US",32.71801167,-117.2442783,5,,,FALSE,,,California,Monarch,Danaus plexippus,Monarch,Insecta,48662,Hexapoda,Danaus plexippus,
13762226,2018/06/24 9:11 AM CDT,6/24/2018,2018-06-24 14:11:00 UTC,Central Time (US & Canada),21288,russh,2018-06-25 03:58:21 UTC,2018-08-24 04:46:21 UTC,research,CC-BY-ND,https://www.inaturalist.org/observations/13762226,https://static.inaturalist.org/photos/20289352/medium.jpeg?1529898971,https://static.inaturalist.org/photos/20289352/medium.jpeg?1529898971,butterfly,,,2,0,FALSE,,"Tarrytown, Austin, TX 78703, USA",30.29073353,-97.7667809,31,,,FALSE,,,Texas,Monarch,Danaus plexippus,Monarch,Insecta,48662,Hexapoda,Danaus plexippus,
13762227,2018/06/24 9:11 AM CDT,6/24/2018,2018-06-24 14:11:00 UTC,Central Time (US & Canada),21288,russh,2018-06-25 03:58:21 UTC,2018-06-25 04:39:59 UTC,research,CC-BY-ND,https://www.inaturalist.org/observations/13762227,https://static.inaturalist.org/photos/20289358/medium.jpeg?1529898977,https://static.inaturalist.org/photos/20289358/medium.jpeg?1529898977,butterfly,,,1,0,FALSE,,"Tarrytown, Austin, TX 78703, USA",30.29073353,-97.76675944,31,,,FALSE,,,Texas,Queen,Danaus gilippus,Queen,Insecta,51743,Hexapoda,Danaus gilippus,
14256401,2018/07/11 6:38 AM CDT,7/11/2018,2018-07-11 11:38:00 UTC,Central Time (US & Canada),289152,chicagomuslima,2018-07-11 12:36:51 UTC,2018-09-11 23:26:49 UTC,research,CC-BY-ND,https://www.inaturalist.org/observations/14256401,https://static.inaturalist.org/photos/21160982/medium.jpg?1531312522,https://static.inaturalist.org/photos/21160982/medium.jpg?1531312522,caterpillar,"monarch butterfly, Caterpillar, Larva",,2,0,FALSE,," 3519 N Nora Ave, 60634, USA",41.947969,-87.786171,6307,,,FALSE,,,Illinois,Monarch,Danaus plexippus,Monarch,Insecta,48662,Hexapoda,Danaus plexippus,
14344699,2018/07/13 1:25 PM EDT,7/13/2018,2018-07-13 17:25:00 UTC,Eastern Time (US & Canada),747176,lilfieldguide,2018-07-14 13:37:03 UTC,2018-08-12 15:30:55 UTC,research,CC-BY,https://www.inaturalist.org/observations/14344699,https://static.inaturalist.org/photos/21316583/medium.jpeg?1531575177,https://static.inaturalist.org/photos/21316583/medium.jpeg?1531575177,butterfly,"Monarch, Butterflies, Pollinators, Virginia","Monarch on butterfly milkweed.

Taken w/Nikon COOLPIX P900 by Baron Lin.

Permission to access Smithsonian Conservation Biology Institute (SCBI) is required. Do not trespass. Learn more about SCBI here: https://nationalzoo.si.edu/conservation",2,0,FALSE,,"Smithsonian Conservation Biology Institute, Front Royal, VA, Warren Co.",38.88634498,-78.1640495,84,,,FALSE,,,Virginia,Monarch,Danaus plexippus,Monarch,Insecta,48662,Hexapoda,Danaus plexippus,
14434504,2015/02/08 9:53 PM CST,2/8/2015,2015-02-09 03:53:00 UTC,Central Time (US & Canada),19301,sej_hdz,2018-07-17 03:08:26 UTC,2019-08-01 14:59:24 UTC,research,CC-BY-NC,https://www.inaturalist.org/observations/14434504,https://static.inaturalist.org/photos/21480204/medium.jpg?1531796079,https://static.inaturalist.org/photos/21480204/medium.jpg?1531796079,butterfly,,,1,0,FALSE,,Mexico,19.02305656,-98.72868132,11758,obscured,obscured,TRUE,,,México,Mariposa Monarca,Danaus plexippus plexippus,,Insecta,235550,Hexapoda,Danaus plexippus,Danaus plexippus plexippus
14476171,2018/07/14 11:07 AM EDT,7/14/2018,2018-07-14 15:07:00 UTC,Eastern Time (US & Canada),88665,jpage_cwf,2018-07-18 12:52:36 UTC,2018-08-01 01:03:28 UTC,research,CC-BY-ND,https://www.inaturalist.org/observations/14476171,https://static.inaturalist.org/photos/21547319/medium.jpg?1531918299,https://static.inaturalist.org/photos/21547319/medium.jpg?1531918299,caterpillar,,,1,0,FALSE,,"Aylmer, Gatineau, QC, Canada",45.39332668,-75.80371045,2,,,FALSE,,,,Monarch,Danaus plexippus,Monarch,Insecta,48662,Hexapoda,Danaus plexippus,
14669178,Mon Jul 23 2018 17:27:13 GMT-0700 (PDT),7/23/2018,2018-07-24 00:27:13 UTC,Pacific Time (US & Canada),994233,bonnienickel,2018-07-24 00:28:48 UTC,2018-08-11 14:11:17 UTC,research,CC-BY-ND,https://www.inaturalist.org/observations/14669178,https://static.inaturalist.org/photos/21870342/medium.jpg?1532392134,https://static.inaturalist.org/photos/21870342/medium.jpg?1532392134,butterfly,,,1,0,FALSE,3,United States,32.75612348,-117.3677369,5,obscured,,TRUE,,,California,Monarch,Danaus plexippus,Monarch,Insecta,48662,Hexapoda,Danaus plexippus,
14873584,Sun May 14 2017 17:59:22 GMT-0700 (PDT),5/14/2017,2017-05-15 00:59:22 UTC,Pacific Time (US & Canada),757405,lostlamb,2018-07-29 08:01:26 UTC,2018-07-29 10:25:14 UTC,research,CC-BY-ND,https://www.inaturalist.org/observations/14873584,https://static.inaturalist.org/photos/22201880/medium.jpg?1532851289,https://static.inaturalist.org/photos/22201880/medium.jpg?1532851289,butterfly,,,1,0,FALSE,3,"San Diego County, US-CA, US",32.79583378,-117.1593192,10,obscured,,TRUE,,,California,Monarch,Danaus plexippus,Monarch,Insecta,48662,Hexapoda,Danaus plexippus,
15297286,2012/03/17 9:32 AM CDT,3/17/2012,2012-03-17 14:32:00 UTC,Central Time (US & Canada),21288,russh,2018-08-10 19:56:32 UTC,2018-10-22 14:28:38 UTC,research,CC-BY-ND,https://www.inaturalist.org/observations/15297286,https://static.inaturalist.org/photos/22898082/medium.jpeg?1533929023,https://static.inaturalist.org/photos/22898082/medium.jpeg?1533929023,butterfly,,,2,0,FALSE,,"Palm Beach County, FL, USA",26.49884732,-80.21321593,31,,,FALSE,,,Florida,Queen,Danaus gilippus,Queen,Insecta,51743,Hexapoda,Danaus gilippus,
15349970,2018/07/23 2:25 PM EDT,7/23/2018,2018-07-23 18:25:00 UTC,Eastern Time (US & Canada),747176,lilfieldguide,2018-08-12 14:54:11 UTC,2019-10-21 14:45:09 UTC,research,CC-BY,https://www.inaturalist.org/observations/15349970,https://static.inaturalist.org/photos/22994848/medium.jpeg?1534084652,https://static.inaturalist.org/photos/22994848/medium.jpeg?1534084652,butterfly,"Monarch, Danausplexippus, Butterflies, Pollinators, Virginia","Taken w/Nikon COOLPIX P900 by Baron Lin.

Permission to access Smithsonian Conservation Biology Institute (SCBI) is required. Do not trespass. Learn more about SCBI here: https://nationalzoo.si.edu/conservation",1,0,FALSE,,"Smithsonian Conservation Biology Institute, Front Royal, VA, Warren Co.",38.8871467,-78.1653155,190,,,FALSE,,,Virginia,Monarch,Danaus plexippus,Monarch,Insecta,48662,Hexapoda,Danaus plexippus,
15691782,Sun Aug 19 2018 12:25:09 GMT-0500 (CDT),8/19/2018,2018-08-19 17:25:09 UTC,Central Time (US & Canada),757985,lrohleder,2018-08-19 17:29:22 UTC,2019-12-06 10:25:09 UTC,research,CC-BY-ND,https://www.inaturalist.org/observations/15691782,https://static.inaturalist.org/photos/23419134/medium.jpg?1534699778,https://static.inaturalist.org/photos/23419134/medium.jpg?1534699778,butterfly,,,3,0,FALSE,3,"355–369 Quarry Rd, Pacific, MO, US",38.47341014,-90.81246877,5,,,FALSE,,,Missouri,Monarch,Danaus plexippus,Monarch,Insecta,48662,Hexapoda,Danaus plexippus,
16157436,2018-09-02 12:27:05 PM EDT,9/2/2018,2018-09-02 16:27:05 UTC,Eastern Time (US & Canada),88665,jpage_cwf,2018-09-03 02:59:07 UTC,2018-09-04 19:20:53 UTC,research,CC-BY-ND,https://www.inaturalist.org/observations/16157436,https://static.inaturalist.org/photos/24221834/medium.jpeg?1535943554,https://static.inaturalist.org/photos/24221834/medium.jpeg?1535943554,butterfly,,,1,0,FALSE,2,"La Haute-Yamaska, CA-QC, CA",45.36887335,-72.56629955,10,,,FALSE,,,,Monarch,Danaus plexippus,Monarch,Insecta,48662,Hexapoda,Danaus plexippus,
16228311,2018/08/11 11:55 AM CDT,8/11/2018,2018-08-11 16:55:00 UTC,Central Time (US & Canada),21288,russh,2018-09-05 12:52:23 UTC,2020-07-22 13:52:36 UTC,research,CC-BY-ND,https://www.inaturalist.org/observations/16228311,https://static.inaturalist.org/photos/24355283/medium.jpeg?1536150545,https://static.inaturalist.org/photos/24355283/medium.jpeg?1536150545,butterfly,,,1,0,FALSE,,"Coral Gables, FL, USA",25.67696257,-80.27482114,61,,,FALSE,,,Florida,Queen,Danaus gilippus,Queen,Insecta,51743,Hexapoda,Danaus gilippus,
16276735,2018-09-05 12:36:15 PM EDT,9/5/2018,2018-09-05 16:36:15 UTC,Eastern Time (US & Canada),88665,jpage_cwf,2018-09-07 02:25:27 UTC,2018-09-12 18:39:42 UTC,research,CC-BY-ND,https://www.inaturalist.org/observations/16276735,https://static.inaturalist.org/photos/24441341/medium.jpeg?1536287139,https://static.inaturalist.org/photos/24441341/medium.jpeg?1536287139,chrysalis,,,1,0,FALSE,2,"Gatineau, CA-QC-CO, CA-QC, CA",45.53480402,-75.86863386,10,,,FALSE,,,,Monarch,Danaus plexippus,Monarch,Insecta,48662,Hexapoda,Danaus plexippus,
16416018,2018/09/10 12:16 PM UTC,9/10/2018,2018-09-10 12:16:00 UTC,UTC,474623,danb,2018-09-11 12:54:51 UTC,2019-12-06 10:26:27 UTC,research,CC-BY-ND,https://www.inaturalist.org/observations/16416018,https://static.inaturalist.org/photos/24697582/medium.jpg?1536670397,https://static.inaturalist.org/photos/24697582/medium.jpg?1536670397,butterfly,,,4,0,FALSE,,"Jefferson City, MO, USA",38.5885671,-92.23216498,2,,,FALSE,,,Missouri,Monarch,Danaus plexippus,Monarch,Insecta,48662,Hexapoda,Danaus plexippus,
16511286,2018/09/13 9:48 PM CDT,9/13/2018,2018-09-14 02:48:00 UTC,Central Time (US & Canada),21288,russh,2018-09-14 02:49:15 UTC,2018-09-29 22:55:33 UTC,research,CC-BY-ND,https://www.inaturalist.org/observations/16511286,https://static.inaturalist.org/photos/24851534/medium.jpeg?1536893273,https://static.inaturalist.org/photos/24851534/medium.jpeg?1536893273,butterfly,,First of the season,2,0,FALSE,,"Tarrytown, Austin, TX 78703, USA",30.2911927,-97.76706956,122,,,FALSE,,,Texas,Monarch,Danaus plexippus,Monarch,Insecta,48662,Hexapoda,Danaus plexippus,
16900029,Sun Sep 23 2018 08:41:22 GMT-0400 (EDT),9/23/2018,2018-09-23 12:41:22 UTC,Eastern Time (US & Canada),1197950,carbonp,2018-09-25 12:42:40 UTC,2020-03-23 03:03:36 UTC,research,CC-BY-ND,https://www.inaturalist.org/observations/16900029,https://static.inaturalist.org/photos/25530780/medium.jpg?1537879374,https://static.inaturalist.org/photos/25530780/medium.jpg?1537879374,butterfly,,,1,0,FALSE,3,"33809, Lakeland, FL, US",28.31368222,-82.0489575,1432,,,FALSE,,,Florida,Queen,Danaus gilippus,Queen,Insecta,51743,Hexapoda,Danaus gilippus,
17762987,2018/10/21 1:23 PM CDT,10/21/2018,2018-10-21 18:23:00 UTC,Central Time (US & Canada),21288,russh,2018-10-23 04:13:49 UTC,2018-10-31 01:52:43 UTC,research,CC-BY-ND,https://www.inaturalist.org/observations/17762987,https://static.inaturalist.org/photos/27094921/medium.jpeg?1540267441,https://static.inaturalist.org/photos/27094921/medium.jpeg?1540267441,butterfly,,,5,0,FALSE,,"Tarrytown, Austin, TX 78703, USA",30.29149338,-97.76695575,31,,,FALSE,,,Texas,Monarch,Danaus plexippus,Monarch,Insecta,48662,Hexapoda,Danaus plexippus,
17772058,2018/10/21 5:41 PM CDT,10/21/2018,2018-10-21 22:41:00 UTC,Central Time (US & Canada),300417,briannawalther,2018-10-23 16:28:51 UTC,2018-10-24 20:38:27 UTC,research,CC-BY-ND,https://www.inaturalist.org/observations/17772058,https://static.inaturalist.org/photos/27111371/medium.jpg?1540312015,https://static.inaturalist.org/photos/27111371/medium.jpg?1540312015,butterfly,,,7,0,FALSE,,"4700 Grover Ave, Austin, TX 78756, USA",30.31761,-97.738244,217,,,FALSE,,,Texas,Queen,Danaus gilippus,Queen,Insecta,51743,Hexapoda,Danaus gilippus,
17952621,2018/10/26 10:02 AM CDT,10/26/2018,2018-10-26 15:02:00 UTC,Central Time (US & Canada),21288,russh,2018-10-30 03:10:24 UTC,2018-10-31 01:47:04 UTC,research,CC-BY-ND,https://www.inaturalist.org/observations/17952621,https://static.inaturalist.org/photos/27432642/medium.jpeg?1540867316,https://static.inaturalist.org/photos/27432642/medium.jpeg?1540867316,butterfly,,,2,0,FALSE,,"Blanco County, TX, USA",30.29558214,-98.54430326,244,,,FALSE,,,Texas,Queen,Danaus gilippus,Queen,Insecta,51743,Hexapoda,Danaus gilippus,
17952636,2018/10/26 12:40 PM CDT,10/26/2018,2018-10-26 17:40:00 UTC,Central Time (US & Canada),21288,russh,2018-10-30 03:10:34 UTC,2018-10-31 01:43:32 UTC,research,CC-BY-ND,https://www.inaturalist.org/observations/17952636,https://static.inaturalist.org/photos/27432926/medium.jpeg?1540867738,https://static.inaturalist.org/photos/27432926/medium.jpeg?1540867738,butterfly,,,1,0,FALSE,,"Blanco County, TX, USA",30.27216747,-98.56843189,244,,,FALSE,,,Texas,Queen,Danaus gilippus,Queen,Insecta,51743,Hexapoda,Danaus gilippus,
17952653,2018/10/27 2:55 PM CDT,10/27/2018,2018-10-27 19:55:00 UTC,Central Time (US & Canada),21288,russh,2018-10-30 03:10:43 UTC,2018-10-31 02:33:58 UTC,research,CC-BY-ND,https://www.inaturalist.org/observations/17952653,https://static.inaturalist.org/photos/27433134/medium.jpeg?1540868225,https://static.inaturalist.org/photos/27433134/medium.jpeg?1540868225,butterfly,,,3,0,FALSE,,"Tarrytown, Austin, TX 78703, USA",30.29154065,-97.76712554,244,,,FALSE,,,Texas,Monarch,Danaus plexippus,Monarch,Insecta,48662,Hexapoda,Danaus plexippus,
18007808,2018/10/30 9:13 AM CDT,10/30/2018,2018-10-30 14:13:00 UTC,Central Time (US & Canada),300417,briannawalther,2018-11-01 14:31:34 UTC,2018-11-02 03:10:21 UTC,research,CC-BY-ND,https://www.inaturalist.org/observations/18007808,https://static.inaturalist.org/photos/27529249/medium.jpg?1541082670,https://static.inaturalist.org/photos/27529249/medium.jpg?1541082670,butterfly,,,4,0,FALSE,,"6500 Metropolis Dr, Austin, TX 78744, USA",30.2036804,-97.7097067,193,,,FALSE,,,Texas,Monarch,Danaus plexippus,Monarch,Insecta,48662,Hexapoda,Danaus plexippus,
18232308,2018/11/05 9:40 AM CST,11/5/2018,2018-11-05 15:40:00 UTC,Central Time (US & Canada),21288,russh,2018-11-08 03:59:24 UTC,2018-11-10 18:55:27 UTC,research,CC-BY-ND,https://www.inaturalist.org/observations/18232308,https://static.inaturalist.org/photos/27858991/medium.jpeg?1541648432,https://static.inaturalist.org/photos/27858991/medium.jpeg?1541648432,butterfly,,,5,0,FALSE,,"Tarrytown, Austin, TX 78703, USA",30.29130853,-97.76666467,61,,,FALSE,,,Texas,Monarch,Danaus plexippus,Monarch,Insecta,48662,Hexapoda,Danaus plexippus,
18296776,Thu Jul 19 2018 11:28:32 GMT-0300 (ADT),7/19/2018,2018-07-19 14:28:32 UTC,Atlantic Time (Canada),555202,allison_patrick,2018-11-10 01:44:27 UTC,2019-02-22 01:56:11 UTC,research,CC-BY-ND,https://www.inaturalist.org/observations/18296776,https://static.inaturalist.org/photos/27954144/medium.jpg?1541814271,https://static.inaturalist.org/photos/27954144/medium.jpg?1541814271,caterpillar,,Monarch butterfly larva feeding on swamp milkweed ,2,0,FALSE,3,"Kings, CA-NB, CA",45.58441285,-66.08693843,5,obscured,open,TRUE,,,,Monarch,Danaus plexippus,Monarch,Insecta,48662,Hexapoda,Danaus plexippus,
18436585,Thu Jul 19 2018 15:43:31 GMT-0300 (ADT),7/19/2018,2018-07-19 18:43:31 UTC,Atlantic Time (Canada),555202,allison_patrick,2018-11-16 22:06:26 UTC,2019-02-22 00:37:26 UTC,research,CC-BY-ND,https://www.inaturalist.org/observations/18436585,https://static.inaturalist.org/photos/28184810/medium.jpg?1542405989,https://static.inaturalist.org/photos/28184810/medium.jpg?1542405989,caterpillar,,Monarch butterfly larva on swamp milkweed,2,0,FALSE,3,"Kars, Kars, NB, CA",45.54957167,-66.013175,5,,open,FALSE,,,,Monarch,Danaus plexippus,Monarch,Insecta,48662,Hexapoda,Danaus plexippus,
18640884,2018/11/22 1:48 PM CST,11/22/2018,2018-11-22 19:48:00 UTC,Central Time (US & Canada),21288,russh,2018-11-26 02:25:06 UTC,2019-08-27 18:21:16 UTC,research,CC-BY-ND,https://www.inaturalist.org/observations/18640884,https://static.inaturalist.org/photos/28532641/medium.jpeg?1543197310,https://static.inaturalist.org/photos/28532641/medium.jpeg?1543197310,butterfly,,,2,0,FALSE,,"Merida, Yucatan, Mexico",20.76886923,-89.65565903,15,,,FALSE,,,Yucatán,Soldier,Danaus eresimus,Soldier,Insecta,50065,Hexapoda,Danaus eresimus,
20243920,2018/08/30 5:43 PM CDT,8/30/2018,2018-08-30 22:43:00 UTC,Central Time (US & Canada),21288,russh,2019-02-10 02:26:59 UTC,2019-09-07 20:18:31 UTC,research,CC-BY-ND,https://www.inaturalist.org/observations/20243920,https://static.inaturalist.org/photos/31244285/medium.jpeg?1549763655,https://static.inaturalist.org/photos/31244285/medium.jpeg?1549763655,butterfly,,,3,0,FALSE,,"Kunene Region, Namibia",-20.40407908,14.09998087,15,,,FALSE,,,,African Monarch,Danaus chrysippus orientis,African Monarch,Insecta,571353,Hexapoda,Danaus chrysippus,Danaus chrysippus orientis
20973941,Tue Mar 05 2019 09:57:36 GMT-0800 (PST),3/5/2019,2019-03-05 17:57:36 UTC,Pacific Time (US & Canada),994233,bonnienickel,2019-03-05 18:00:27 UTC,2020-03-02 06:29:59 UTC,research,CC-BY-ND,https://www.inaturalist.org/observations/20973941,https://static.inaturalist.org/photos/32387444/medium.jpg?1551808846,https://static.inaturalist.org/photos/32387444/medium.jpg?1551808846,butterfly,,Brand new Monarch!,1,0,FALSE,3,"3628 Charles St, San Diego, CA, US",32.71822167,-117.2442467,10,,,FALSE,,,California,Monarch,Danaus plexippus,Monarch,Insecta,48662,Hexapoda,Danaus plexippus,
21425317,2017/09/10 3:00 PM UTC,9/10/2017,,UTC,1312741,rjryan,2019-03-20 18:13:37 UTC,2019-09-19 21:44:31 UTC,research,,https://www.inaturalist.org/observations/21425317,https://static.inaturalist.org/photos/33147197/medium.jpg?1553105585,https://static.inaturalist.org/photos/33147197/medium.jpg?1553105585,butterfly,,Mating Monarchs,2,0,FALSE,,"5537 Centerville Rd, Williamsburg, VA 23188, USA",37.3195181,-76.7991381,192,,,FALSE,,,Virginia,Monarch,Danaus plexippus,Monarch,Insecta,48662,Hexapoda,Danaus plexippus,
21466055,9/3/2018,9/3/2018,,Eastern Time (US & Canada),1312741,rjryan,2019-03-21 23:25:30 UTC,2019-09-19 21:44:14 UTC,research,,https://www.inaturalist.org/observations/21466055,https://static.inaturalist.org/photos/33213560/medium.jpg?1553210735,https://static.inaturalist.org/photos/33213560/medium.jpg?1553210735,caterpillar,,on Swamp Milkweed in my backyard,3,0,FALSE,3,"Toano, Virginia",37.20246289,-78.55463381,304915,,,FALSE,,,Virginia,Monarch,Danaus plexippus,Monarch,Insecta,48662,Hexapoda,Danaus plexippus,
21689979,2019/03/27 10:25 PM CST,3/27/2019,2019-03-28 04:25:00 UTC,Mexico City,19301,sej_hdz,2019-03-28 04:33:07 UTC,2020-09-08 23:54:26 UTC,research,CC-BY-NC,https://www.inaturalist.org/observations/21689979,https://static.inaturalist.org/photos/33585232/medium.jpg?1553747202,https://static.inaturalist.org/photos/33585232/medium.jpg?1553747202,butterfly,,,2,0,FALSE,,Mexico,19.47506915,-99.06526354,77,obscured,obscured,TRUE,,,Distrito Federal,Mariposa Monarca,Danaus plexippus plexippus,,Insecta,235550,Hexapoda,Danaus plexippus,Danaus plexippus plexippus
21875040,2019/01/06 1:55 PM EST,1/6/2019,2019-01-06 18:55:00 UTC,Eastern Time (US & Canada),1568329,rickguyot,2019-04-01 15:40:45 UTC,2019-09-19 21:43:52 UTC,research,CC-BY-ND,https://www.inaturalist.org/observations/21875040,https://static.inaturalist.org/photos/33890561/medium.jpg?1554133126,https://static.inaturalist.org/photos/33890561/medium.jpg?1554133126,butterfly,,,4,0,FALSE,,"Chesapeake, VA, USA",36.73173319,-76.38444353,31,,,FALSE,,,Virginia,Monarch,Danaus plexippus,Monarch,Insecta,48662,Hexapoda,Danaus plexippus,
21908080,2019/03/29 10:43 AM CDT,3/29/2019,2019-03-29 15:43:00 UTC,Central Time (US & Canada),21288,russh,2019-04-02 13:55:39 UTC,2020-01-02 19:07:37 UTC,research,CC-BY-ND,https://www.inaturalist.org/observations/21908080,https://static.inaturalist.org/photos/33946944/medium.jpeg?1554212371,https://static.inaturalist.org/photos/33946944/medium.jpeg?1554212371,butterfly,,,3,0,FALSE,,"Palm Beach County, FL, USA",26.49899316,-80.21254213,2,,,FALSE,,,Florida,Soldier,Danaus eresimus,Soldier,Insecta,50065,Hexapoda,Danaus eresimus,
21908083,2019/03/29 10:43 AM CDT,3/29/2019,2019-03-29 15:43:00 UTC,Central Time (US & Canada),21288,russh,2019-04-02 13:55:41 UTC,2020-01-02 19:07:31 UTC,research,CC-BY-ND,https://www.inaturalist.org/observations/21908083,https://static.inaturalist.org/photos/33946951/medium.jpeg?1554212378,https://static.inaturalist.org/photos/33946951/medium.jpeg?1554212378,butterfly,,,3,0,FALSE,,"Palm Beach County, FL, USA",26.49900981,-80.21242411,4,,,FALSE,,,Florida,Monarch,Danaus plexippus,Monarch,Insecta,48662,Hexapoda,Danaus plexippus,
21998622,2019/04/04 2:05 PM CST,4/4/2019,2019-04-04 20:05:00 UTC,Monterrey,21332,oscar_almeda,2019-04-04 22:46:41 UTC,2019-05-15 18:08:51 UTC,research,CC-BY-SA,https://www.inaturalist.org/observations/21998622,https://static.inaturalist.org/photos/34098533/medium.jpg?1554417690,https://static.inaturalist.org/photos/34098533/medium.jpg?1554417690,caterpillar,"mariposa, monarca, insectos, butterfly, entomofauna, asclepias, oruga, caterpillar, endangered, insects, primavera","Encontrada en una Asclepias curassavica, al menos otros 8 individuos.",3,0,FALSE,,"Nuevo León, MX",25.61564249,-100.308228,56,obscured,obscured,TRUE,,,Nuevo León,Monarch,Danaus plexippus,Monarch,Insecta,48662,Hexapoda,Danaus plexippus,
22634504,2019/04/07 12:18 PM EDT,4/7/2019,2019-04-07 16:18:00 UTC,Eastern Time (US & Canada),5245,kent_miller,2019-04-18 00:04:06 UTC,2020-06-18 00:45:43 UTC,research,CC-BY,https://www.inaturalist.org/observations/22634504,https://static.inaturalist.org/photos/35065873/medium.jpeg?1555542502,https://static.inaturalist.org/photos/35065873/medium.jpeg?1555542502,butterfly,,,5,0,FALSE,,"Mission, TX, USA",26.13983702,-98.32851092,61,,,FALSE,,,Texas,Monarch,Danaus plexippus,Monarch,Insecta,48662,Hexapoda,Danaus plexippus,
22636353,2019/04/07 2:42 PM EDT,4/7/2019,2019-04-07 18:42:00 UTC,Eastern Time (US & Canada),5245,kent_miller,2019-04-18 00:49:36 UTC,2019-10-02 21:11:35 UTC,research,CC-BY,https://www.inaturalist.org/observations/22636353,https://static.inaturalist.org/photos/35070559/medium.jpeg?1555546591,https://static.inaturalist.org/photos/35070559/medium.jpeg?1555546591,butterfly,,,2,0,FALSE,,"3333 Butterfly Park, Mission, TX 78572, USA",26.179835,-98.3664926,240,,,FALSE,,,Texas,Queen,Danaus gilippus,Queen,Insecta,51743,Hexapoda,Danaus gilippus,
22636355,2019/04/07 2:45 PM EDT,4/7/2019,2019-04-07 18:45:00 UTC,Eastern Time (US & Canada),5245,kent_miller,2019-04-18 00:49:38 UTC,2019-10-02 21:11:36 UTC,research,CC-BY,https://www.inaturalist.org/observations/22636355,https://static.inaturalist.org/photos/35070571/medium.jpeg?1555546600,https://static.inaturalist.org/photos/35070571/medium.jpeg?1555546600,butterfly,,,3,0,FALSE,,"3333 Butterfly Park, Mission, TX 78572, USA",26.179835,-98.3664926,240,,,FALSE,,,Texas,Queen,Danaus gilippus,Queen,Insecta,51743,Hexapoda,Danaus gilippus,
22742676,Wed Apr 17 2019 10:26:06 GMT-0700 (PDT),4/17/2019,2019-04-17 17:26:06 UTC,Pacific Time (US & Canada),422233,jenniferuth,2019-04-20 05:11:32 UTC,2019-04-20 13:55:02 UTC,research,CC-BY-ND,https://www.inaturalist.org/observations/22742676,https://static.inaturalist.org/photos/35245598/medium.jpg?1555737095,https://static.inaturalist.org/photos/35245598/medium.jpg?1555737095,butterfly,,,1,0,FALSE,3,"Santa Monica Municipal Airport, Santa Monica, CA, US",34.01535278,-118.4462967,,,,FALSE,,,California,Monarch,Danaus plexippus,Monarch,Insecta,48662,Hexapoda,Danaus plexippus,
26289088,2019/06/02 9:32 AM CDT,6/2/2019,2019-06-02 14:32:00 UTC,Central Time (US & Canada),21288,russh,2019-06-02 23:21:26 UTC,2020-09-23 04:08:38 UTC,research,CC-BY-ND,https://www.inaturalist.org/observations/26289088,https://static.inaturalist.org/photos/40806160/medium.jpeg?1559516835,https://static.inaturalist.org/photos/40806160/medium.jpeg?1559516835,butterfly,,,2,0,FALSE,,"Uptown, Chicago, IL, USA",41.96313629,-87.63332514,8,,,FALSE,,,Illinois,Monarch,Danaus plexippus,Monarch,Insecta,48662,Hexapoda,Danaus plexippus,
26548280,6/7/2019,6/7/2019,,UTC,1840632,mjsymons,2019-06-07 13:54:25 UTC,2020-09-23 04:01:57 UTC,research,CC-BY-ND,https://www.inaturalist.org/observations/26548280,https://static.inaturalist.org/photos/41232837/medium.jpeg?1559915666,https://static.inaturalist.org/photos/41232837/medium.jpeg?1559915666,caterpillar,,,1,0,FALSE,333,,,,,private,,TRUE,,,,Monarch,Danaus plexippus,Monarch,Insecta,48662,Hexapoda,Danaus plexippus,
28879862,Mon Jul 15 2019 10:45:35 GMT-0700 (PDT),7/15/2019,2019-07-15 17:45:35 UTC,Pacific Time (US & Canada),994233,bonnienickel,2019-07-15 18:12:45 UTC,2019-07-15 19:11:41 UTC,research,CC-BY-ND,https://www.inaturalist.org/observations/28879862,https://static.inaturalist.org/photos/45044104/medium.jpg?1563214374,https://static.inaturalist.org/photos/45044104/medium.jpg?1563214374,butterfly,,Newly hatched,1,0,FALSE,3,"3628 Charles St, San Diego, CA, US",32.71824167,-117.2443083,5,,,FALSE,,,California,Monarch,Danaus plexippus,Monarch,Insecta,48662,Hexapoda,Danaus plexippus,
29219360,2019/07/20 6:55 PM EDT,7/20/2019,2019-07-20 22:55:00 UTC,Eastern Time (US & Canada),1568329,rickguyot,2019-07-21 03:23:48 UTC,2020-01-11 01:50:25 UTC,research,CC-BY-ND,https://www.inaturalist.org/observations/29219360,https://static.inaturalist.org/photos/45592038/medium.jpg?1563679223,https://static.inaturalist.org/photos/45592038/medium.jpg?1563679223,butterfly,,,2,0,FALSE,,"Suffolk, VA, USA",36.5914174,-76.48981729,4,,,FALSE,,,Virginia,Monarch,Danaus plexippus,Monarch,Insecta,48662,Hexapoda,Danaus plexippus,
29281814,2019/07/19 12:02 PM CDT,7/19/2019,2019-07-19 17:02:00 UTC,Central Time (US & Canada),21288,russh,2019-07-21 23:23:31 UTC,2020-05-13 02:08:44 UTC,research,CC-BY-ND,https://www.inaturalist.org/observations/29281814,https://static.inaturalist.org/photos/45689426/medium.jpeg?1563750785,https://static.inaturalist.org/photos/45689426/medium.jpeg?1563750785,butterfly,,,1,0,FALSE,,"Blanco County, TX, USA",30.2746598,-98.57097912,15,,,FALSE,,,Texas,Queen,Danaus gilippus,Queen,Insecta,51743,Hexapoda,Danaus gilippus,
29529079,2019/07/25 9:18 AM UTC,7/25/2019,,UTC,474623,danb,2019-07-25 19:48:58 UTC,2019-12-06 10:31:09 UTC,research,CC-BY-ND,https://www.inaturalist.org/observations/29529079,https://static.inaturalist.org/photos/46089434/medium.jpg?1564084110,https://static.inaturalist.org/photos/46089434/medium.jpg?1564084110,butterfly,,,4,0,FALSE,,"Jefferson City, MO, USA",38.58708584,-92.23316876,4,,,FALSE,,,Missouri,Monarch,Danaus plexippus,Monarch,Insecta,48662,Hexapoda,Danaus plexippus,
29614928,2019/07/22 11:07 AM CDT,7/22/2019,2019-07-22 16:07:00 UTC,Central Time (US & Canada),21288,russh,2019-07-27 02:31:24 UTC,2019-07-28 03:33:41 UTC,research,CC-BY-ND,https://www.inaturalist.org/observations/29614928,https://static.inaturalist.org/photos/46226667/medium.jpeg?1564194322,https://static.inaturalist.org/photos/46226667/medium.jpeg?1564194322,butterfly,,,1,0,FALSE,,"Tarrytown, Austin, TX 78703, USA",30.29073799,-97.76689603,15,,,FALSE,,,Texas,Queen,Danaus gilippus,Queen,Insecta,51743,Hexapoda,Danaus gilippus,
30082566,2019/07/27 4:48 PM CDT,7/27/2019,2019-07-27 21:48:00 UTC,Central Time (US & Canada),21288,russh,2019-08-03 03:43:22 UTC,2019-10-12 04:42:10 UTC,research,CC-BY-ND,https://www.inaturalist.org/observations/30082566,https://static.inaturalist.org/photos/46979150/medium.jpeg?1564803731,https://static.inaturalist.org/photos/46979150/medium.jpeg?1564803731,butterfly,,,2,0,FALSE,,"Tarrytown, Austin, TX 78703, USA",30.29084053,-97.76723936,61,,,FALSE,,,Texas,Monarch,Danaus plexippus,Monarch,Insecta,48662,Hexapoda,Danaus plexippus,
30186304,2019-08-01 3:43:09 PM EDT,8/1/2019,2019-08-01 19:43:09 UTC,Eastern Time (US & Canada),88665,jpage_cwf,2019-08-04 17:47:39 UTC,2019-09-19 16:26:12 UTC,research,CC-BY-ND,https://www.inaturalist.org/observations/30186304,https://static.inaturalist.org/photos/47145552/medium.jpeg?1564940862,https://static.inaturalist.org/photos/47145552/medium.jpeg?1564940862,egg,,Really young larvae so hard to see.,2,0,FALSE,2,"Ottawa, CA-ON, CA",45.20091686,-75.60561209,11,,open,FALSE,,,,Monarch,Danaus plexippus,Monarch,Insecta,48662,Hexapoda,Danaus plexippus,
30409746,2019/07/30 5:38 PM CDT,7/30/2019,2019-07-30 22:38:00 UTC,Central Time (US & Canada),1539371,ampreuss,2019-08-08 06:49:40 UTC,2019-11-18 20:45:20 UTC,research,CC-BY-ND,https://www.inaturalist.org/observations/30409746,https://static.inaturalist.org/photos/47511460/medium.jpg?1565246748,https://static.inaturalist.org/photos/47511460/medium.jpg?1565246748,butterfly,,,2,0,FALSE,,"Highland, St Paul, MN, USA",44.92388889,-93.1775,,,,FALSE,,,Minnesota,Monarch,Danaus plexippus,Monarch,Insecta,48662,Hexapoda,Danaus plexippus,
30516052,2019-08-09 5:14:48 PM EDT,8/9/2019,2019-08-09 21:14:48 UTC,Eastern Time (US & Canada),88665,jpage_cwf,2019-08-10 01:31:31 UTC,2020-03-01 15:56:46 UTC,research,CC-BY-ND,https://www.inaturalist.org/observations/30516052,https://static.inaturalist.org/photos/47680651/medium.jpeg?1565400693,https://static.inaturalist.org/photos/47680651/medium.jpeg?1565400693,caterpillar,,,2,0,FALSE,2,"Gatineau, QC J9H 1T9, Canada",45.39321486,-75.80375676,9,,,FALSE,,,,Monarch,Danaus plexippus,Monarch,Insecta,48662,Hexapoda,Danaus plexippus,
31094060,2019/08/17 5:06 PM UTC,8/17/2019,,UTC,474623,danb,2019-08-19 01:14:38 UTC,2019-12-06 10:32:42 UTC,research,CC-BY-ND,https://www.inaturalist.org/observations/31094060,https://static.inaturalist.org/photos/48629873/medium.jpg?1566177248,https://static.inaturalist.org/photos/48629873/medium.jpg?1566177248,butterfly,,,6,0,FALSE,,"Jefferson City, MO, USA",38.58717507,-92.23403683,4,,,FALSE,,,Missouri,Monarch,Danaus plexippus,Monarch,Insecta,48662,Hexapoda,Danaus plexippus,
31290111,2019/08/21 12:13 PM EDT,8/21/2019,2019-08-21 16:13:00 UTC,Eastern Time (US & Canada),1568329,rickguyot,2019-08-22 14:32:33 UTC,2019-09-19 19:17:24 UTC,research,CC-BY-ND,https://www.inaturalist.org/observations/31290111,https://static.inaturalist.org/photos/48959526/medium.jpg?1566484309,https://static.inaturalist.org/photos/48959526/medium.jpg?1566484309,butterfly,,,4,0,FALSE,,"Port Norfolk, Portsmouth, VA 23707, USA",36.85309497,-76.33908321,2,,,FALSE,,,Virginia,Monarch,Danaus plexippus,Monarch,Insecta,48662,Hexapoda,Danaus plexippus,
31510047,Sun Aug 25 2019 12:39:32 GMT-0400 (EDT),8/25/2019,2019-08-25 16:39:32 UTC,Eastern Time (US & Canada),757985,lrohleder,2019-08-25 22:52:19 UTC,2019-08-25 23:04:56 UTC,research,CC-BY-ND,https://www.inaturalist.org/observations/31510047,https://static.inaturalist.org/photos/49320526/medium.jpg?1566773542,https://static.inaturalist.org/photos/49320526/medium.jpg?1566773542,caterpillar,,,1,0,FALSE,3,"Harriman State Park, Tuxedo Park, NY, US",41.23459167,-74.11118333,5,,,FALSE,,,New York,Monarch,Danaus plexippus,Monarch,Insecta,48662,Hexapoda,Danaus plexippus,
31547875,2019/08/25 2:34 PM EDT,8/25/2019,2019-08-25 18:34:00 UTC,Eastern Time (US & Canada),1568329,rickguyot,2019-08-26 14:25:35 UTC,2019-09-19 02:12:13 UTC,research,CC-BY-ND,https://www.inaturalist.org/observations/31547875,https://static.inaturalist.org/photos/49383634/medium.jpg?1566829400,https://static.inaturalist.org/photos/49383634/medium.jpg?1566829400,butterfly,,,2,0,FALSE,,"Suffolk, VA, USA",36.83892915,-76.52390066,2,,,FALSE,,,Virginia,Monarch,Danaus plexippus,Monarch,Insecta,48662,Hexapoda,Danaus plexippus,
31547879,2019/08/25 2:34 PM EDT,8/25/2019,2019-08-25 18:34:00 UTC,Eastern Time (US & Canada),1568329,rickguyot,2019-08-26 14:25:36 UTC,2019-09-19 02:11:16 UTC,research,CC-BY-ND,https://www.inaturalist.org/observations/31547879,https://static.inaturalist.org/photos/49383655/medium.jpg?1566829416,https://static.inaturalist.org/photos/49383655/medium.jpg?1566829416,butterfly,,,2,0,FALSE,,"Suffolk, VA, USA",36.83889051,-76.52398917,2,,,FALSE,,,Virginia,Monarch,Danaus plexippus,Monarch,Insecta,48662,Hexapoda,Danaus plexippus,
31982121,2019/09/01 10:56 AM HST,9/1/2019,2019-09-01 20:56:00 UTC,Hawaii,1811651,adriannanelson,2019-09-02 13:56:17 UTC,2019-12-15 18:38:54 UTC,research,CC-BY-ND,https://www.inaturalist.org/observations/31982121,https://static.inaturalist.org/photos/50113882/medium.jpeg?1567432395,https://static.inaturalist.org/photos/50113882/medium.jpeg?1567432395,caterpillar,,,4,0,FALSE,,"Carter County, TN, USA",36.12758526,-82.08158376,8,,,FALSE,,,Tennessee,Monarch,Danaus plexippus,Monarch,Insecta,48662,Hexapoda,Danaus plexippus,
32035530,2019/09/02 4:59 PM EDT,9/2/2019,2019-09-02 20:59:00 UTC,Eastern Time (US & Canada),1568329,rickguyot,2019-09-03 04:09:25 UTC,2019-09-19 01:43:44 UTC,research,CC-BY-ND,https://www.inaturalist.org/observations/32035530,https://static.inaturalist.org/photos/50202029/medium.jpg?1567481377,https://static.inaturalist.org/photos/50202029/medium.jpg?1567481377,butterfly,,,3,0,FALSE,,"Suffolk, VA, USA",36.83890368,-76.52396462,2,,,FALSE,,,Virginia,Monarch,Danaus plexippus,Monarch,Insecta,48662,Hexapoda,Danaus plexippus,
32229180,Fri Sep 06 2019 08:38:23 GMT-0700 (PDT),9/6/2019,2019-09-06 15:38:23 UTC,Pacific Time (US & Canada),994233,bonnienickel,2019-09-06 18:51:41 UTC,2019-09-20 17:13:41 UTC,research,CC-BY-ND,https://www.inaturalist.org/observations/32229180,https://static.inaturalist.org/photos/50530328/medium.jpg?1567795910,https://static.inaturalist.org/photos/50530328/medium.jpg?1567795910,butterfly,,On Senecio blochmaniae in native garden,5,0,FALSE,3,"Charles St, San Diego, CA, US",32.71804167,-117.24427,10,,,FALSE,,,California,Monarch,Danaus plexippus,Monarch,Insecta,48662,Hexapoda,Danaus plexippus,
32384321,2019-09-03 6:45:18 PM EDT,9/3/2019,2019-09-03 22:45:18 UTC,Eastern Time (US & Canada),2231196,christopherharasta,2019-09-09 00:43:03 UTC,2019-09-17 13:29:45 UTC,research,CC-BY-ND,https://www.inaturalist.org/observations/32384321,https://static.inaturalist.org/photos/50786676/medium.jpeg?1567989785,https://static.inaturalist.org/photos/50786676/medium.jpeg?1567989785,caterpillar,,,2,0,FALSE,2,"Vestal, NY 13850, USA",42.08191299,-75.96777344,,,,FALSE,gps,gps,New York,Monarch,Danaus plexippus,Monarch,Insecta,48662,Hexapoda,Danaus plexippus,
32769220,2019-09-15 10:42:11 AM EDT,9/15/2019,2019-09-15 14:42:11 UTC,Eastern Time (US & Canada),2231196,christopherharasta,2019-09-15 15:50:11 UTC,2019-09-16 21:58:25 UTC,research,CC-BY-ND,https://www.inaturalist.org/observations/32769220,https://static.inaturalist.org/photos/51419667/medium.jpeg?1568562615,https://static.inaturalist.org/photos/51419667/medium.jpeg?1568562615,butterfly,,,3,0,FALSE,2,"Endwell, NY 13760, USA",42.10575104,-76.02411652,,,,FALSE,gps,gps,New York,Monarch,Danaus plexippus,Monarch,Insecta,48662,Hexapoda,Danaus plexippus,
32896319,2019-08-30 2:52:58 PM EDT,8/30/2019,2019-08-30 18:52:58 UTC,Eastern Time (US & Canada),88665,jpage_cwf,2019-09-17 16:02:29 UTC,2019-09-17 22:01:10 UTC,research,CC-BY-ND,https://www.inaturalist.org/observations/32896319,https://static.inaturalist.org/photos/51629846/medium.jpeg?1568736152,https://static.inaturalist.org/photos/51629846/medium.jpeg?1568736152,caterpillar,,,2,0,FALSE,2,"Gatineau, QC J9H 1T9, Canada",45.39335622,-75.80357487,10,,,FALSE,,,,Monarch,Danaus plexippus,Monarch,Insecta,48662,Hexapoda,Danaus plexippus,
32967417,2019-09-18 1:39:21 PM EDT,9/18/2019,2019-09-18 17:39:21 UTC,Eastern Time (US & Canada),88665,jpage_cwf,2019-09-18 18:59:20 UTC,2019-09-18 21:15:17 UTC,research,CC-BY-ND,https://www.inaturalist.org/observations/32967417,https://static.inaturalist.org/photos/51743077/medium.jpeg?1568833698,https://static.inaturalist.org/photos/51743077/medium.jpeg?1568833698,butterfly,,,2,0,FALSE,2,"Ottawa, CA-ON, CA",45.28329286,-75.87846735,8,,open,FALSE,,,,Monarch,Danaus plexippus,Monarch,Insecta,48662,Hexapoda,Danaus plexippus,
32967495,2019-09-18 2:05:46 PM EDT,9/18/2019,2019-09-18 18:05:46 UTC,Eastern Time (US & Canada),88665,jpage_cwf,2019-09-18 19:00:03 UTC,2019-09-19 12:46:28 UTC,research,CC-BY-ND,https://www.inaturalist.org/observations/32967495,https://static.inaturalist.org/photos/51743041/medium.jpeg?1568833674,https://static.inaturalist.org/photos/51743041/medium.jpeg?1568833674,butterfly,,,3,0,FALSE,2,"Ottawa, CA-ON, CA",45.28731375,-75.87478627,10,,open,FALSE,,,,Monarch,Danaus plexippus,Monarch,Insecta,48662,Hexapoda,Danaus plexippus,
33227372,2019/08/07 3:52 PM CDT,8/7/2019,2019-08-07 20:52:00 UTC,Central Time (US & Canada),1539371,ampreuss,2019-09-22 23:25:05 UTC,2019-11-18 17:56:12 UTC,research,CC-BY-ND,https://www.inaturalist.org/observations/33227372,https://static.inaturalist.org/photos/52169776/medium.jpeg?1569194543,https://static.inaturalist.org/photos/52169776/medium.jpeg?1569194543,butterfly,,,3,0,FALSE,,"Highland, St Paul, MN, USA",44.92376806,-93.17780087,177,,,FALSE,,,Minnesota,Monarch,Danaus plexippus,Monarch,Insecta,48662,Hexapoda,Danaus plexippus,
33932005,2019/10/05 2:54 PM EDT,10/5/2019,2019-10-05 18:54:00 UTC,Eastern Time (US & Canada),1568329,rickguyot,2019-10-06 03:37:41 UTC,2019-12-19 19:27:45 UTC,research,CC-BY-ND,https://www.inaturalist.org/observations/33932005,https://static.inaturalist.org/photos/53348007/medium.jpg?1570332952,https://static.inaturalist.org/photos/53348007/medium.jpg?1570332952,butterfly,,,3,0,FALSE,,"Chesapeake, VA, USA",36.7219581,-76.36307516,8,,,FALSE,,,Virginia,Monarch,Danaus plexippus,Monarch,Insecta,48662,Hexapoda,Danaus plexippus,
34052179,2019/10/07 12:26 PM CDT,10/7/2019,2019-10-07 17:26:00 UTC,Central Time (US & Canada),1539371,ampreuss,2019-10-08 05:18:40 UTC,2019-10-08 12:38:51 UTC,research,CC-BY-ND,https://www.inaturalist.org/observations/34052179,https://static.inaturalist.org/photos/53547020/medium.jpeg?1570511894,https://static.inaturalist.org/photos/53547020/medium.jpeg?1570511894,butterfly,,,2,0,FALSE,,"Highland, St Paul, MN, USA",44.92376806,-93.17780087,177,,,FALSE,,,Minnesota,Monarch,Danaus plexippus,Monarch,Insecta,48662,Hexapoda,Danaus plexippus,
34052421,2019/08/21 9:17 AM CDT,8/21/2019,2019-08-21 14:17:00 UTC,Central Time (US & Canada),1539371,ampreuss,2019-10-08 05:30:02 UTC,2019-10-08 12:38:31 UTC,research,CC-BY-ND,https://www.inaturalist.org/observations/34052421,https://static.inaturalist.org/photos/53547479/medium.jpeg?1570512594,https://static.inaturalist.org/photos/53547479/medium.jpeg?1570512594,butterfly,,,2,0,FALSE,,"Highland, St Paul, MN, USA",44.92376806,-93.17780087,177,,,FALSE,,,Minnesota,Monarch,Danaus plexippus,Monarch,Insecta,48662,Hexapoda,Danaus plexippus,
34393541,2019/10/09 1:33 PM CDT,10/9/2019,2019-10-09 18:33:00 UTC,Central Time (US & Canada),21288,russh,2019-10-15 03:04:14 UTC,2019-10-18 03:46:08 UTC,research,CC-BY-ND,https://www.inaturalist.org/observations/34393541,https://static.inaturalist.org/photos/54124994/medium.jpeg?1571108516,https://static.inaturalist.org/photos/54124994/medium.jpeg?1571108516,butterfly,,,1,0,FALSE,,"Tarrytown, Austin, TX 78703, USA",30.29102017,-97.76685816,122,,,FALSE,,,Texas,Queen,Danaus gilippus,Queen,Insecta,51743,Hexapoda,Danaus gilippus,
34461453,2019/07/27 11:17 AM CDT,7/27/2019,2019-07-27 16:17:00 UTC,Mexico City,352409,luis87,2019-10-16 17:42:27 UTC,2019-10-17 08:40:37 UTC,research,CC-BY-ND,https://www.inaturalist.org/observations/34461453,https://static.inaturalist.org/photos/54240502/medium.jpeg?1571247353,https://static.inaturalist.org/photos/54240502/medium.jpeg?1571247353,butterfly,,,2,0,FALSE,,"Veracruz, MX",18.51419336,-96.25273867,7813,,obscured,TRUE,,,Veracruz,Mariposa Monarca,Danaus plexippus,Monarch,Insecta,48662,Hexapoda,Danaus plexippus,
34506878,2019/06/30 10:02 AM EDT,6/30/2019,2019-06-30 14:02:00 UTC,Eastern Time (US & Canada),1006401,ranger_lyssa,2019-10-17 19:10:53 UTC,2019-12-16 05:25:07 UTC,research,CC-BY-ND,https://www.inaturalist.org/observations/34506878,https://static.inaturalist.org/photos/54313734/medium.jpeg?1571337103,https://static.inaturalist.org/photos/54313734/medium.jpeg?1571337103,butterfly,,,3,0,FALSE,,DeSoto National Wildlife Refuge,41.52215426,-96.02833713,4,,,FALSE,,,Nebraska,Monarch,Danaus plexippus,Monarch,Insecta,48662,Hexapoda,Danaus plexippus,
34589712,2019/08/27 1:15 PM EDT,8/27/2019,2019-08-27 17:15:00 UTC,Eastern Time (US & Canada),1006401,ranger_lyssa,2019-10-19 17:17:08 UTC,2019-12-16 06:18:54 UTC,research,CC-BY-ND,https://www.inaturalist.org/observations/34589712,https://static.inaturalist.org/photos/54451876/medium.jpeg?1571505213,https://static.inaturalist.org/photos/54451876/medium.jpeg?1571505213,caterpillar,,,2,0,FALSE,,DeSoto National Wildlife Refuge,41.54090276,-96.03118792,2,,,FALSE,,,Iowa,Monarch,Danaus plexippus,Monarch,Insecta,48662,Hexapoda,Danaus plexippus,
34638675,2019/10/19 5:07 PM EDT,10/19/2019,2019-10-19 21:07:00 UTC,Eastern Time (US & Canada),1568329,rickguyot,2019-10-20 16:40:34 UTC,2019-10-20 18:56:30 UTC,research,CC-BY-ND,https://www.inaturalist.org/observations/34638675,https://static.inaturalist.org/photos/54535028/medium.jpg?1571588895,https://static.inaturalist.org/photos/54535028/medium.jpg?1571588895,butterfly,,,3,0,FALSE,,"Suffolk, VA, USA",36.8389431,-76.52396015,2,,,FALSE,,,Virginia,Monarch,Danaus plexippus,Monarch,Insecta,48662,Hexapoda,Danaus plexippus,
34674205,2019/10/20 1:47 PM CDT,10/20/2019,2019-10-20 18:47:00 UTC,Central Time (US & Canada),21288,russh,2019-10-21 03:51:06 UTC,2019-12-22 23:07:05 UTC,research,CC-BY-ND,https://www.inaturalist.org/observations/34674205,https://static.inaturalist.org/photos/54598798/medium.jpeg?1571629338,https://static.inaturalist.org/photos/54598798/medium.jpeg?1571629338,butterfly,,,4,0,FALSE,,"Tarrytown, Austin, TX 78703, USA",30.29058396,-97.76662781,8,,,FALSE,,,Texas,Monarch,Danaus plexippus,Monarch,Insecta,48662,Hexapoda,Danaus plexippus,
34810520,2019/10/23 3:50 PM CDT,10/23/2019,2019-10-23 20:50:00 UTC,Central Time (US & Canada),300417,briannawalther,2019-10-24 01:06:14 UTC,2019-12-22 23:02:58 UTC,research,CC-BY-ND,https://www.inaturalist.org/observations/34810520,https://static.inaturalist.org/photos/54831976/medium.jpg?1571879126,https://static.inaturalist.org/photos/54831976/medium.jpg?1571879126,butterfly,,,5,0,FALSE,,"Texas, US",30.43323089,-97.76358885,210,obscured,,TRUE,,,Texas,Monarch,Danaus plexippus,Monarch,Insecta,48662,Hexapoda,Danaus plexippus,
34942497,2019/10/23 10:25 AM CDT,10/23/2019,2019-10-23 15:25:00 UTC,Central Time (US & Canada),21288,russh,2019-10-27 02:04:23 UTC,2019-10-27 02:23:10 UTC,research,CC-BY-ND,https://www.inaturalist.org/observations/34942497,https://static.inaturalist.org/photos/55058649/medium.jpeg?1572141663,https://static.inaturalist.org/photos/55058649/medium.jpeg?1572141663,butterfly,,,1,0,FALSE,,"Tarrytown, Austin, TX 78703, USA",30.2904802,-97.76648297,4,,,FALSE,,,Texas,Queen,Danaus gilippus,Queen,Insecta,51743,Hexapoda,Danaus gilippus,
34943368,2019/10/23 10:19 AM CDT,10/23/2019,2019-10-23 15:19:00 UTC,Central Time (US & Canada),21288,russh,2019-10-27 02:26:23 UTC,2019-10-27 21:05:34 UTC,research,CC-BY-ND,https://www.inaturalist.org/observations/34943368,https://static.inaturalist.org/photos/55060290/medium.jpeg?1572143136,https://static.inaturalist.org/photos/55060290/medium.jpeg?1572143136,butterfly,,,3,0,FALSE,,"Tarrytown, Austin, TX 78703, USA",30.2911625,-97.76754056,122,,,FALSE,,,Texas,Monarch,Danaus plexippus,Monarch,Insecta,48662,Hexapoda,Danaus plexippus,
35061815,2017/03/17 7:52 AM SAST,3/17/2017,2017-03-17 05:52:00 UTC,Africa/Johannesburg,2319409,didi_ct,2019-10-29 20:59:16 UTC,2020-02-12 17:03:20 UTC,research,CC-BY-NC,https://www.inaturalist.org/observations/35061815,https://static.inaturalist.org/photos/55263674/medium.jpg?1572382352,https://static.inaturalist.org/photos/55263674/medium.jpg?1572382352,butterfly,,,3,0,FALSE,,"North Uthungulu, South Africa",-27.74592899,32.016971,3906,,,FALSE,,,,African Monarch,Danaus chrysippus orientis,African Monarch,Insecta,571353,Hexapoda,Danaus chrysippus,Danaus chrysippus orientis
35519206,2019/11/09 12:41 PM CST,11/9/2019,2019-11-09 18:41:00 UTC,Central Time (US & Canada),21288,russh,2019-11-10 06:23:10 UTC,2020-01-01 04:50:52 UTC,research,CC-BY-ND,https://www.inaturalist.org/observations/35519206,https://static.inaturalist.org/photos/56015450/medium.jpeg?1573366757,https://static.inaturalist.org/photos/56015450/medium.jpeg?1573366757,butterfly,,,5,0,FALSE,,"Tarrytown, Austin, TX 78703, USA",30.29005498,-97.76552274,15,,,FALSE,,,Texas,Monarch,Danaus plexippus,Monarch,Insecta,48662,Hexapoda,Danaus plexippus,
35572771,Mon Nov 11 2019 08:19:49 GMT-0800 (PST),11/11/2019,2019-11-11 18:19:49 UTC,Hawaii,3631,ajzellmer,2019-11-11 16:20:42 UTC,2020-01-01 04:49:20 UTC,research,CC-BY-ND,https://www.inaturalist.org/observations/35572771,https://static.inaturalist.org/photos/56105364/medium.jpg?1573489246,https://static.inaturalist.org/photos/56105364/medium.jpg?1573489246,caterpillar,,,3,0,FALSE,3,"Campus Rd, Los Angeles, CA, US",34.12513333,-118.213395,20,,,FALSE,,,California,Monarch,Danaus plexippus,Monarch,Insecta,48662,Hexapoda,Danaus plexippus,
35591508,2019/10/21 2:19 PM CDT,10/21/2019,2019-10-21 19:19:00 UTC,Monterrey,21332,oscar_almeda,2019-11-12 00:44:23 UTC,2019-11-12 23:23:55 UTC,research,CC-BY-SA,https://www.inaturalist.org/observations/35591508,https://static.inaturalist.org/photos/56137488/medium.jpg?1573518729,https://static.inaturalist.org/photos/56137488/medium.jpg?1573518729,butterfly,"insectos, nuevo leon, biodiversidad, entomofauna, insects, hexapodos",,1,0,FALSE,,"Nuevo León, MX",25.64873844,-100.3968338,35,obscured,,TRUE,,,Nuevo León,Mariposa reina,Danaus gilippus thersippus,Striated Queen,Insecta,51748,Hexapoda,Danaus gilippus,Danaus gilippus thersippus
35591519,2019/11/06 2:26 PM CST,11/6/2019,2019-11-06 20:26:00 UTC,Monterrey,21332,oscar_almeda,2019-11-12 00:44:27 UTC,2019-11-12 23:23:32 UTC,research,CC-BY-SA,https://www.inaturalist.org/observations/35591519,https://static.inaturalist.org/photos/56137642/medium.jpeg?1573518854,https://static.inaturalist.org/photos/56137642/medium.jpeg?1573518854,caterpillar,"insectos, nuevo leon, biodiversidad, entomofauna, insects, hexapodos",,1,0,FALSE,,"Nuevo León, MX",25.73734763,-100.2193701,35,obscured,,TRUE,,,Nuevo León,Mariposa reina,Danaus gilippus thersippus,Striated Queen,Insecta,51748,Hexapoda,Danaus gilippus,Danaus gilippus thersippus
36455585,2019/11/30 9:40 AM CST,11/30/2019,2019-11-30 15:40:00 UTC,Central Time (US & Canada),21288,russh,2019-12-08 03:04:25 UTC,2019-12-12 00:02:01 UTC,research,CC-BY-ND,https://www.inaturalist.org/observations/36455585,https://static.inaturalist.org/photos/57627206/medium.jpeg?1575773519,https://static.inaturalist.org/photos/57627206/medium.jpeg?1575773519,butterfly,,,6,0,FALSE,,"Tarrytown, Austin, TX 78703, USA",30.2907105,-97.76623715,122,,,FALSE,,,Texas,Queen,Danaus gilippus,Queen,Insecta,51743,Hexapoda,Danaus gilippus,
36455592,2019/12/06 12:16 PM CST,12/6/2019,2019-12-06 18:16:00 UTC,Central Time (US & Canada),21288,russh,2019-12-08 03:04:28 UTC,2019-12-12 00:01:19 UTC,research,CC-BY-ND,https://www.inaturalist.org/observations/36455592,https://static.inaturalist.org/photos/57627267/medium.jpeg?1575773627,https://static.inaturalist.org/photos/57627267/medium.jpeg?1575773627,butterfly,,,6,0,FALSE,,"Tarrytown, Austin, TX 78703, USA",30.29073052,-97.76625766,8,,,FALSE,,,Texas,Queen,Danaus gilippus,Queen,Insecta,51743,Hexapoda,Danaus gilippus,
36650610,9/29/2019 10:55,9/29/2019,2019-09-29 14:55:00 UTC,America/New_York,112716,biologgers,2019-12-14 20:02:05 UTC,2020-01-16 21:09:41 UTC,research,CC-BY-ND,https://www.inaturalist.org/observations/36650610,https://static.inaturalist.org/photos/57956060/medium.jpg?1576343325,https://static.inaturalist.org/photos/57956060/medium.jpg?1576343325,chrysalis,,,1,0,FALSE,,"Agencia de Policia Nazareno Xoxo, Santa Cruz Xoxocotlán, Oax., México",17.01887118,-96.76423073,61,,open,FALSE,,,Oaxaca,Monarch,Danaus plexippus,Monarch,Insecta,48662,Hexapoda,Danaus plexippus,
36650611,9/29/2019 10:55,9/29/2019,2019-09-29 15:55:00 UTC,Bogota,112716,biologgers,2019-12-14 20:02:06 UTC,2020-01-16 21:09:40 UTC,research,CC-BY-ND,https://www.inaturalist.org/observations/36650611,https://static.inaturalist.org/photos/57956086/medium.jpg?1576343360,https://static.inaturalist.org/photos/57956086/medium.jpg?1576343360,chrysalis,,,1,0,FALSE,,"Agencia de Policia Nazareno Xoxo, Santa Cruz Xoxocotlán, Oax., México",17.01887118,-96.76423073,61,,open,FALSE,,,Oaxaca,Monarch,Danaus plexippus,Monarch,Insecta,48662,Hexapoda,Danaus plexippus,
36650612,9/29/2019 10:55,9/29/2019,2019-09-29 15:55:00 UTC,Bogota,112716,biologgers,2019-12-14 20:02:07 UTC,2020-01-16 21:09:40 UTC,research,CC-BY-ND,https://www.inaturalist.org/observations/36650612,https://static.inaturalist.org/photos/57956116/medium.jpg?1576343401,https://static.inaturalist.org/photos/57956116/medium.jpg?1576343401,chrysalis,,,1,0,FALSE,,"Agencia de Policia Nazareno Xoxo, Santa Cruz Xoxocotlán, Oax., México",17.01887118,-96.76423073,61,,open,FALSE,,,Oaxaca,Monarch,Danaus plexippus,Monarch,Insecta,48662,Hexapoda,Danaus plexippus,
36650613,9/29/2019 10:55,9/29/2019,2019-09-29 14:55:00 UTC,America/New_York,112716,biologgers,2019-12-14 20:02:08 UTC,2020-01-16 21:09:38 UTC,research,CC-BY-ND,https://www.inaturalist.org/observations/36650613,https://static.inaturalist.org/photos/57956134/medium.jpg?1576343421,https://static.inaturalist.org/photos/57956134/medium.jpg?1576343421,chrysalis,,,1,0,FALSE,,"Agencia de Policia Nazareno Xoxo, Santa Cruz Xoxocotlán, Oax., México",17.01887118,-96.76423073,61,,open,FALSE,,,Oaxaca,Monarch,Danaus plexippus,Monarch,Insecta,48662,Hexapoda,Danaus plexippus,
36953349,2019-12-05 8:39:27 AM CST,12/5/2019,2019-12-05 14:39:27 UTC,Monterrey,21332,oscar_almeda,2019-12-26 00:53:10 UTC,2020-03-17 01:30:35 UTC,research,CC-BY-SA,https://www.inaturalist.org/observations/36953349,https://static.inaturalist.org/photos/58499010/medium.jpeg?1577321595,https://static.inaturalist.org/photos/58499010/medium.jpeg?1577321595,butterfly,,,1,0,FALSE,2,"Nuevo León, MX",25.61487339,-100.3875099,9,obscured,,TRUE,gps,gps,Nuevo León,Mariposa reina,Danaus gilippus,Queen,Insecta,51743,Hexapoda,Danaus gilippus,
37426846,2019/07/23 12:55 PM HST,7/23/2019,2019-07-23 22:55:00 UTC,Hawaii,555202,allison_patrick,2020-01-09 14:37:45 UTC,2020-01-10 17:04:51 UTC,research,CC-BY-ND,https://www.inaturalist.org/observations/37426846,https://static.inaturalist.org/photos/59330993/medium.jpeg?1578580644,https://static.inaturalist.org/photos/59330993/medium.jpeg?1578580644,butterfly,,,5,0,FALSE,,"Kings County, NB, Canada",45.55832778,-66.01496111,5,,open,FALSE,,,,Monarch,Danaus plexippus,Monarch,Insecta,48662,Hexapoda,Danaus plexippus,
38739628,2020/02/16 12:52 PM PST,2/16/2020,2020-02-16 20:52:00 UTC,Pacific Time (US & Canada),646828,garrettlau,2020-02-17 03:34:16 UTC,2020-02-17 20:48:15 UTC,research,CC-BY,https://www.inaturalist.org/observations/38739628,https://static.inaturalist.org/photos/61616929/medium.jpeg?1581910082,https://static.inaturalist.org/photos/61616929/medium.jpeg?1581910082,butterfly,"butterfly, monarch",,2,0,FALSE,,"Mountain View, CA, USA",37.42086682,-122.074277,5,,,FALSE,,,California,Monarch,Danaus plexippus,Monarch,Insecta,48662,Hexapoda,Danaus plexippus,
39908535,2020/03/10 2:16 PM CDT,3/10/2020,2020-03-10 19:16:00 UTC,Central Time (US & Canada),21288,russh,2020-03-13 01:56:03 UTC,2020-03-17 20:45:43 UTC,research,CC-BY-ND,https://www.inaturalist.org/observations/39908535,https://static.inaturalist.org/photos/63364291/medium.jpeg?1584064248,https://static.inaturalist.org/photos/63364291/medium.jpeg?1584064248,butterfly,,,3,0,FALSE,,"Maalaea, HI, USA",20.79348826,-156.471288,8,,,FALSE,,,Hawaii,Monarch,Danaus plexippus,Monarch,Insecta,48662,Hexapoda,Danaus plexippus,
39930471,2020-03-13 12:00:39 PM CDT,3/13/2020,2020-03-13 17:00:39 UTC,Central Time (US & Canada),1132234,jamestdoucet,2020-03-13 17:08:21 UTC,2020-03-17 20:40:10 UTC,research,,https://www.inaturalist.org/observations/39930471,https://static.inaturalist.org/photos/63402988/medium.jpeg?1584121110,https://static.inaturalist.org/photos/63402988/medium.jpeg?1584121110,butterfly,,,3,0,FALSE,2,"6, LA, USA",30.17972222,-93.2375,,,,FALSE,gps,gps,Louisiana,Monarch,Danaus plexippus,Monarch,Insecta,48662,Hexapoda,Danaus plexippus,
40216320,2020/03/18 7:40 AM CDT,3/18/2020,2020-03-18 12:40:00 UTC,Central Time (US & Canada),21288,russh,2020-03-19 02:22:57 UTC,2020-03-30 23:52:56 UTC,research,CC-BY-ND,https://www.inaturalist.org/observations/40216320,https://static.inaturalist.org/photos/63884569/medium.jpeg?1584584384,https://static.inaturalist.org/photos/63884569/medium.jpeg?1584584384,butterfly,,,4,0,FALSE,,"Farm to Market 165, Blanco, TX 78606, USA",30.11208,-98.307411,458,,,FALSE,,,Texas,Monarch,Danaus plexippus,Monarch,Insecta,48662,Hexapoda,Danaus plexippus,
40596766,Mon Mar 23 2020 14:46:34 GMT-0400 (EDT),3/23/2020,2020-03-23 18:46:34 UTC,Eastern Time (US & Canada),1197950,carbonp,2020-03-23 18:47:02 UTC,2020-03-23 18:55:55 UTC,research,CC-BY-ND,https://www.inaturalist.org/observations/40596766,https://static.inaturalist.org/photos/64343822/medium.jpg?1584989229,https://static.inaturalist.org/photos/64343822/medium.jpg?1584989229,butterfly,,,1,0,FALSE,3,"Beneva Rd, Sarasota, FL, US",27.278195,-82.50228833,5,,,FALSE,,,Florida,Queen,Danaus gilippus,Queen,Insecta,51743,Hexapoda,Danaus gilippus,
40789404,2020-03-26 7:03:16 PM CDT,3/26/2020,2020-03-27 00:03:16 UTC,Central Time (US & Canada),1132234,jamestdoucet,2020-03-27 00:06:41 UTC,2020-05-01 23:02:12 UTC,research,,https://www.inaturalist.org/observations/40789404,https://static.inaturalist.org/photos/64659918/medium.jpeg?1585267607,https://static.inaturalist.org/photos/64659918/medium.jpeg?1585267607,caterpillar,,,2,0,FALSE,2,"6, LA, USA",30.17942836,-93.23792659,64,,,FALSE,,,Louisiana,Monarch,Danaus plexippus,Monarch,Insecta,48662,Hexapoda,Danaus plexippus,
40793083,2020/03/26 4:35 PM CDT,3/26/2020,2020-03-26 21:35:00 UTC,Central Time (US & Canada),1132234,jamestdoucet,2020-03-27 01:21:27 UTC,2020-05-02 14:20:33 UTC,research,,https://www.inaturalist.org/observations/40793083,https://static.inaturalist.org/photos/64665855/medium.jpeg?1585271880,https://static.inaturalist.org/photos/64665855/medium.jpeg?1585271880,caterpillar,,,2,0,FALSE,,"Lake Charles, LA, USA",30.17805001,-93.23763616,214,,,FALSE,,,Louisiana,Monarch,Danaus plexippus,Monarch,Insecta,48662,Hexapoda,Danaus plexippus,
40793085,2020/03/26 4:35 PM CDT,3/26/2020,2020-03-26 21:35:00 UTC,Central Time (US & Canada),1132234,jamestdoucet,2020-03-27 01:21:29 UTC,2020-05-02 14:20:27 UTC,research,,https://www.inaturalist.org/observations/40793085,https://static.inaturalist.org/photos/64665870/medium.jpeg?1585271887,https://static.inaturalist.org/photos/64665870/medium.jpeg?1585271887,caterpillar,,,2,0,FALSE,,"Lake Charles, LA, USA",30.17805001,-93.23763616,214,,,FALSE,,,Louisiana,Monarch,Danaus plexippus,Monarch,Insecta,48662,Hexapoda,Danaus plexippus,
41197415,Wed Apr 01 2020 15:47:13 GMT-0700 (PDT),4/1/2020,2020-04-01 22:47:13 UTC,Pacific Time (US & Canada),25680,naturerocks,2020-04-01 23:04:46 UTC,2020-04-02 17:30:23 UTC,research,CC-BY-ND,https://www.inaturalist.org/observations/41197415,https://static.inaturalist.org/photos/65331877/medium.jpg?1585782295,https://static.inaturalist.org/photos/65331877/medium.jpg?1585782295,butterfly,,Found on Salvia Bee’s Bliss. ,4,0,FALSE,3,"Ventura County, US-CA, US",34.40300661,-119.2502893,10,obscured,,TRUE,,,California,Monarch,Danaus plexippus,Monarch,Insecta,48662,Hexapoda,Danaus plexippus,
41368122,2020/04/01 12:42 PM CDT,4/1/2020,2020-04-01 17:42:00 UTC,Central Time (US & Canada),21288,russh,2020-04-04 15:47:17 UTC,2020-09-19 20:00:58 UTC,research,CC-BY-ND,https://www.inaturalist.org/observations/41368122,https://static.inaturalist.org/photos/65619684/medium.jpeg?1586014459,https://static.inaturalist.org/photos/65619684/medium.jpeg?1586014459,butterfly,,,2,0,FALSE,,"Blanco County, TX, USA",30.28578457,-98.56406778,4,,,FALSE,,,Texas,Monarch,Danaus plexippus,Monarch,Insecta,48662,Hexapoda,Danaus plexippus,
42182822,2020-04-14 2:09:17 PM CDT,4/14/2020,2020-04-14 19:09:17 UTC,Central Time (US & Canada),1132234,jamestdoucet,2020-04-14 19:30:08 UTC,2020-04-19 21:10:30 UTC,research,,https://www.inaturalist.org/observations/42182822,https://static.inaturalist.org/photos/66963617/medium.jpeg?1586892618,https://static.inaturalist.org/photos/66963617/medium.jpeg?1586892618,butterfly,,:(,1,0,FALSE,2,"6, LA, USA",30.17944083,-93.23718015,6,,,FALSE,,,Louisiana,Monarch,Danaus plexippus,Monarch,Insecta,48662,Hexapoda,Danaus plexippus,
42538436,2020/04/19 12:52 PM AEST,4/19/2020,2020-04-19 02:52:00 UTC,Brisbane,2746729,claytonhansen,2020-04-19 02:44:20 UTC,2020-04-19 02:50:59 UTC,research,CC-BY-ND,https://www.inaturalist.org/observations/42538436,https://static.inaturalist.org/photos/67545162/medium.jpg?1587264173,https://static.inaturalist.org/photos/67545162/medium.jpg?1587264173,butterfly,,Feeding on Duranta repens,1,0,FALSE,,"Warwick QLD 4370, Australia",-28.22072495,152.0125026,15,,,FALSE,,,Queensland,Monarch,Danaus plexippus,Monarch,Insecta,48662,Hexapoda,Danaus plexippus,
42545036,2020-04-19 12:50:46 PM GMT+10:00,4/19/2020,2020-04-19 02:50:46 UTC,Brisbane,1477654,themeda,2020-04-19 04:58:11 UTC,2020-04-19 05:20:57 UTC,research,CC-BY-NC,https://www.inaturalist.org/observations/42545036,https://static.inaturalist.org/photos/67557289/medium.jpg?1587272296,https://static.inaturalist.org/photos/67557289/medium.jpg?1587272296,butterfly,,Wouldn't cooperate for a good photo.,1,0,FALSE,2,"Boonah QLD 4310, Australia",-28.00143407,152.6779944,17,,,FALSE,gps,gps,Queensland,Lesser Wanderer,Danaus petilia,Lesser Wanderer,Insecta,333775,Hexapoda,Danaus petilia,
43202017,Wed Apr 22 2020 15:06:50 GMT-0400 (EDT),4/22/2020,2020-04-22 19:06:50 UTC,Eastern Time (US & Canada),2722162,tuckerwilde,2020-04-24 23:07:04 UTC,2020-04-29 07:13:20 UTC,research,CC-BY-ND,https://www.inaturalist.org/observations/43202017,https://static.inaturalist.org/photos/68572908/medium.jpg?1587769629,https://static.inaturalist.org/photos/68572908/medium.jpg?1587769629,butterfly,,,2,0,FALSE,3,"Golden Bear Dr, Six Mile, SC, US",34.88868771,-82.85367986,24,,,FALSE,,,South Carolina,Monarch,Danaus plexippus,Monarch,Insecta,48662,Hexapoda,Danaus plexippus,
44173101,2020/04/23 12:29 PM CDT,4/23/2020,2020-04-23 17:29:00 UTC,Central Time (US & Canada),21288,russh,2020-04-28 20:42:57 UTC,2020-09-19 03:48:42 UTC,research,CC-BY-ND,https://www.inaturalist.org/observations/44173101,https://static.inaturalist.org/photos/70034364/medium.jpeg?1588106396,https://static.inaturalist.org/photos/70034364/medium.jpeg?1588106396,butterfly,,,1,0,FALSE,,"Tarrytown, Austin, TX 78703, USA",30.29103438,-97.76718786,8,,,FALSE,,,Texas,Monarch,Danaus plexippus,Monarch,Insecta,48662,Hexapoda,Danaus plexippus,
45136774,2020/05/06 11:09 AM CDT,5/6/2020,2020-05-06 16:09:00 UTC,Central Time (US & Canada),21288,russh,2020-05-07 03:14:40 UTC,2020-09-16 16:53:26 UTC,research,CC-BY-ND,https://www.inaturalist.org/observations/45136774,https://static.inaturalist.org/photos/71561056/medium.jpeg?1588820088,https://static.inaturalist.org/photos/71561056/medium.jpeg?1588820088,butterfly,,,1,0,FALSE,,"Blanco County, US-TX, US",30.27292345,-98.57185375,8,,,FALSE,,,Texas,Monarch,Danaus plexippus,Monarch,Insecta,48662,Hexapoda,Danaus plexippus,
49692237,Sat Jun 06 2020 11:35:46 GMT-0500 (CDT),6/6/2020,2020-06-06 16:35:46 UTC,Central Time (US & Canada),2160898,codyd23,2020-06-15 07:02:55 UTC,2020-09-22 04:34:08 UTC,research,CC-BY-NC-ND,https://www.inaturalist.org/observations/49692237,https://static.inaturalist.org/photos/78891580/medium.jpg?1592204630,https://static.inaturalist.org/photos/78891580/medium.jpg?1592204630,butterfly,,,1,0,FALSE,3,"Norman, OK, US",35.24228963,-97.42718706,153,,,FALSE,,,Oklahoma,Monarch,Danaus plexippus,Monarch,Insecta,48662,Hexapoda,Danaus plexippus,
49767009,2020/06/13 12:51 PM CDT,6/13/2020,2020-06-13 17:51:00 UTC,Central Time (US & Canada),21288,russh,2020-06-15 21:07:15 UTC,2020-06-16 02:54:38 UTC,research,CC-BY-ND,https://www.inaturalist.org/observations/49767009,https://static.inaturalist.org/photos/79008423/medium.jpeg?1592254695,https://static.inaturalist.org/photos/79008423/medium.jpeg?1592254695,butterfly,,,1,0,FALSE,,"Tarrytown, Austin, TX 78703, USA",30.29050325,-97.7670677,61,,,FALSE,,,Texas,Queen,Danaus gilippus,Queen,Insecta,51743,Hexapoda,Danaus gilippus,
49852591,2019-11-05T15:27:14-05:00,11/5/2019,2019-11-05 20:27:14 UTC,UTC,3074302,j-minding,2020-06-16 16:51:21 UTC,2020-06-17 13:04:22 UTC,research,CC-BY-NC,https://www.inaturalist.org/observations/49852591,https://static.inaturalist.org/photos/79151643/medium.jpeg?1592326286,https://static.inaturalist.org/photos/79151643/medium.jpeg?1592326286,butterfly,,,1,0,FALSE,333,Rye,40.98828833,-73.68154167,,,,FALSE,,,New York,Monarch,Danaus plexippus,Monarch,Insecta,48662,Hexapoda,Danaus plexippus,
50298560,2020/06/19 2:46 PM EDT,6/19/2020,2020-06-19 18:46:00 UTC,Eastern Time (US & Canada),1000661,ccgibbons,2020-06-20 18:00:26 UTC,2020-06-20 19:09:01 UTC,research,,https://www.inaturalist.org/observations/50298560,https://static.inaturalist.org/photos/79863521/medium.jpeg?1592674955,https://static.inaturalist.org/photos/79863521/medium.jpeg?1592674955,butterfly,,,1,0,FALSE,,"Ednam, Samuel Miller, VA 22903, USA",38.04956212,-78.54425378,45,,,FALSE,,,Virginia,Monarch,Danaus plexippus,Monarch,Insecta,48662,Hexapoda,Danaus plexippus,
50957531,Thu Jun 25 2020 13:11:39 GMT-0700 (PDT),6/25/2020,2020-06-25 20:11:39 UTC,Pacific Time (US & Canada),994233,bonnienickel,2020-06-26 03:58:47 UTC,2020-07-01 19:02:55 UTC,research,CC-BY-ND,https://www.inaturalist.org/observations/50957531,https://static.inaturalist.org/photos/80940608/medium.jpg?1593143944,https://static.inaturalist.org/photos/80940608/medium.jpg?1593143944,butterfly,,Chrysalis about to hatch and newly emerged butterfly at dusk,1,0,FALSE,3,"Charles St, San Diego, CA, US",32.71811333,-117.2442333,10,,,FALSE,,,California,Monarch,Danaus plexippus,Monarch,Insecta,48662,Hexapoda,Danaus plexippus,
50998204,2020/06/26 9:14 AM EDT,6/26/2020,2020-06-26 13:14:00 UTC,Eastern Time (US & Canada),1000661,ccgibbons,2020-06-26 16:19:12 UTC,2020-06-26 16:33:52 UTC,research,,https://www.inaturalist.org/observations/50998204,https://static.inaturalist.org/photos/81006070/medium.jpeg?1593188246,https://static.inaturalist.org/photos/81006070/medium.jpeg?1593188246,caterpillar,,,1,0,FALSE,,"Albemarle County, VA, USA",38.04312443,-78.54157674,301,,,FALSE,,,Virginia,Monarch,Danaus plexippus,Monarch,Insecta,48662,Hexapoda,Danaus plexippus,
51718600,Thu Jul 02 2020 11:24:53 GMT-0700 (PDT),7/2/2020,2020-07-02 18:24:53 UTC,Pacific Time (US & Canada),994233,bonnienickel,2020-07-02 18:33:16 UTC,2020-07-02 19:41:58 UTC,research,CC-BY-ND,https://www.inaturalist.org/observations/51718600,https://static.inaturalist.org/photos/82187344/medium.jpg?1593714801,https://static.inaturalist.org/photos/82187344/medium.jpg?1593714801,butterfly,,,1,0,FALSE,3,"Charles St, San Diego, CA, US",32.71801667,-117.2443467,5,,,FALSE,,,California,Monarch,Danaus plexippus,Monarch,Insecta,48662,Hexapoda,Danaus plexippus,
51772832,Fri Jun 26 2020 16:08:23 GMT-0700 (PDT),6/26/2020,2020-06-26 23:08:23 UTC,Pacific Time (US & Canada),422233,jenniferuth,2020-07-03 07:31:22 UTC,2020-07-20 21:19:12 UTC,research,CC-BY-ND,https://www.inaturalist.org/observations/51772832,https://static.inaturalist.org/photos/82278599/medium.jpg?1593761494,https://static.inaturalist.org/photos/82278599/medium.jpg?1593761494,butterfly,,,1,0,FALSE,3,"Seventh St, Carpinteria, CA, US",34.396375,-119.520095,8,,,FALSE,,,California,Monarch,Danaus plexippus,Monarch,Insecta,48662,Hexapoda,Danaus plexippus,
51910361,2020/07/02 4:07 PM CDT,7/2/2020,2020-07-02 21:07:00 UTC,Central Time (US & Canada),21288,russh,2020-07-04 15:20:46 UTC,2020-07-05 02:08:03 UTC,research,CC-BY-ND,https://www.inaturalist.org/observations/51910361,https://static.inaturalist.org/photos/82498049/medium.jpeg?1593875491,https://static.inaturalist.org/photos/82498049/medium.jpeg?1593875491,butterfly,,,2,0,FALSE,,"Tarrytown, Austin, TX 78703, USA",30.29074672,-97.76681796,2,,,FALSE,,,Texas,Queen,Danaus gilippus,Queen,Insecta,51743,Hexapoda,Danaus gilippus,
51915324,2020/07/03 11:14 AM CDT,7/3/2020,2020-07-03 16:14:00 UTC,Central Time (US & Canada),21288,russh,2020-07-04 16:03:19 UTC,2020-07-05 02:00:49 UTC,research,CC-BY-ND,https://www.inaturalist.org/observations/51915324,https://static.inaturalist.org/photos/82505596/medium.jpeg?1593877987,https://static.inaturalist.org/photos/82505596/medium.jpeg?1593877987,butterfly,,,1,0,FALSE,,"Blanco County, TX, USA",30.27153681,-98.57117252,4,,,FALSE,,,Texas,Queen,Danaus gilippus,Queen,Insecta,51743,Hexapoda,Danaus gilippus,
54184357,Fri Jul 24 2020 11:36:02 GMT-0400 (EDT),7/24/2020,2020-07-24 15:36:02 UTC,Eastern Time (US & Canada),2572649,rommelgp,2020-07-24 18:27:52 UTC,2020-07-24 22:25:37 UTC,research,CC0,https://www.inaturalist.org/observations/54184357,https://static.inaturalist.org/photos/86203721/medium.jpg?1595615286,https://static.inaturalist.org/photos/86203721/medium.jpg?1595615286,caterpillar,,,2,0,FALSE,3,"NY-30, Roxbury, NY, US",42.27317727,-74.57573099,1779,,,FALSE,,,New York,Monarch,Danaus plexippus,Monarch,Insecta,48662,Hexapoda,Danaus plexippus,
54648781,2020/07/28 11:28 AM EDT,7/28/2020,2020-07-28 15:28:00 UTC,Eastern Time (US & Canada),1000661,ccgibbons,2020-07-28 17:15:44 UTC,2020-07-28 18:22:25 UTC,research,,https://www.inaturalist.org/observations/54648781,https://static.inaturalist.org/photos/86966148/medium.jpeg?1595956036,https://static.inaturalist.org/photos/86966148/medium.jpeg?1595956036,butterfly,,,1,0,FALSE,,"Albemarle County, VA, USA",38.04165747,-78.54201607,343,,,FALSE,,,Virginia,Monarch,Danaus plexippus,Monarch,Insecta,48662,Hexapoda,Danaus plexippus,
55544373,2020-08-05 11:49:10 AM EDT,8/5/2020,2020-08-05 15:49:10 UTC,Eastern Time (US & Canada),88665,jpage_cwf,2020-08-05 23:10:08 UTC,2020-08-06 01:07:52 UTC,research,CC-BY-ND,https://www.inaturalist.org/observations/55544373,https://static.inaturalist.org/photos/88452561/medium.jpeg?1596669012,https://static.inaturalist.org/photos/88452561/medium.jpeg?1596669012,caterpillar,,,1,0,FALSE,2,"Gatineau, QC J9J 3X8, Canada",45.42469012,-75.82852378,10,,,FALSE,,,,Monarque,Danaus plexippus,Monarch,Insecta,48662,Hexapoda,Danaus plexippus,
56255944,2020/08/12 9:53 AM EDT,8/12/2020,2020-08-12 13:53:00 UTC,Eastern Time (US & Canada),1000661,ccgibbons,2020-08-12 20:15:50 UTC,2020-08-12 20:39:47 UTC,research,,https://www.inaturalist.org/observations/56255944,https://static.inaturalist.org/photos/89634270/medium.jpeg?1597262519,https://static.inaturalist.org/photos/89634270/medium.jpeg?1597262519,butterfly,,,1,0,FALSE,,"Albemarle County, VA, USA",38.07827725,-78.7893571,645,,,FALSE,,,Virginia,Monarch,Danaus plexippus,Monarch,Insecta,48662,Hexapoda,Danaus plexippus,
56264685,2020/08/12 3:55 PM EDT,8/12/2020,2020-08-12 19:55:00 UTC,Eastern Time (US & Canada),469795,pdabell,2020-08-12 21:55:45 UTC,2020-08-13 13:04:27 UTC,research,CC-BY-ND,https://www.inaturalist.org/observations/56264685,https://static.inaturalist.org/photos/89646633/medium.jpeg?1597267479,https://static.inaturalist.org/photos/89646633/medium.jpeg?1597267479,caterpillar,,Host: Asclepias syriaca,2,0,FALSE,,"Wellesley, ON, Canada",43.46957898,-80.774646,3,,open,FALSE,,,,Monarch,Danaus plexippus,Monarch,Insecta,48662,Hexapoda,Danaus plexippus,
56485869,2020-08-14 6:35:37 PM EDT,8/14/2020,2020-08-14 22:35:37 UTC,Eastern Time (US & Canada),1948390,gnomes1009,2020-08-15 05:43:35 UTC,2020-08-15 10:01:55 UTC,research,CC-BY-NC,https://www.inaturalist.org/observations/56485869,https://static.inaturalist.org/photos/90021514/medium.jpeg?1597470218,https://static.inaturalist.org/photos/90021514/medium.jpeg?1597470218,caterpillar,,,2,0,FALSE,2,"Maryland, US",39.29818268,-77.19157286,,obscured,,TRUE,gps,gps,Maryland,Monarch,Danaus plexippus,Monarch,Insecta,48662,Hexapoda,Danaus plexippus,
56703795,2020/08/05 12:49 PM EDT,8/5/2020,2020-08-05 16:49:00 UTC,Eastern Time (US & Canada),88665,jpage_cwf,2020-08-17 02:02:02 UTC,2020-08-17 02:02:28 UTC,research,CC-BY-ND,https://www.inaturalist.org/observations/56703795,https://static.inaturalist.org/photos/90376304/medium.jpeg?1597628142,https://static.inaturalist.org/photos/90376304/medium.jpeg?1597628142,butterfly,,,1,0,FALSE,,"District de Deschenes, Gatineau, QC, Canada",45.39358587,-75.80340507,31,,,FALSE,,,,Monarch,Danaus plexippus,Monarch,Insecta,48662,Hexapoda,Danaus plexippus,
56704058,2020/08/16 10:11 AM EDT,8/16/2020,2020-08-16 14:11:00 UTC,Eastern Time (US & Canada),1000661,ccgibbons,2020-08-17 02:05:41 UTC,2020-08-17 16:35:46 UTC,research,,https://www.inaturalist.org/observations/56704058,https://static.inaturalist.org/photos/90379381/medium.jpeg?1597629463,https://static.inaturalist.org/photos/90379381/medium.jpeg?1597629463,caterpillar,,,1,0,FALSE,,"Amherst County, VA, USA",37.75270949,-79.17481912,1127,,,FALSE,,,Virginia,Monarch,Danaus plexippus,Monarch,Insecta,48662,Hexapoda,Danaus plexippus,
57187848,2020/08/21 8:38 AM CDT,8/21/2020,2020-08-21 13:38:00 UTC,Central Time (US & Canada),21288,russh,2020-08-22 03:49:25 UTC,2020-08-22 04:50:39 UTC,research,CC-BY-ND,https://www.inaturalist.org/observations/57187848,https://static.inaturalist.org/photos/91198430/medium.jpeg?1598067955,https://static.inaturalist.org/photos/91198430/medium.jpeg?1598067955,butterfly,,,1,0,FALSE,,"Dallas, TX, USA",32.83264693,-96.71300358,4,,,FALSE,,,Texas,Monarch,Danaus plexippus,Monarch,Insecta,48662,Hexapoda,Danaus plexippus,
57249104,2020/08/22 12:56 PM EDT,8/22/2020,2020-08-22 16:56:00 UTC,Eastern Time (US & Canada),1000661,ccgibbons,2020-08-22 18:57:15 UTC,2020-08-22 20:06:03 UTC,research,,https://www.inaturalist.org/observations/57249104,https://static.inaturalist.org/photos/91299132/medium.jpeg?1598122243,https://static.inaturalist.org/photos/91299132/medium.jpeg?1598122243,butterfly,,"very lacking in pigment, maybe genetic or nutrient-deficiency?",1,0,FALSE,,"Augusta County, VA, USA",37.90376889,-79.10152868,3627,,,FALSE,,,Virginia,Monarch,Danaus plexippus,Monarch,Insecta,48662,Hexapoda,Danaus plexippus,
57329459,2020/08/22 2:56 PM CDT,8/22/2020,2020-08-22 19:56:00 UTC,Central Time (US & Canada),21288,russh,2020-08-23 13:59:10 UTC,2020-08-23 14:00:01 UTC,research,CC-BY-ND,https://www.inaturalist.org/observations/57329459,https://static.inaturalist.org/photos/91431425/medium.jpeg?1598189745,https://static.inaturalist.org/photos/91431425/medium.jpeg?1598189745,butterfly,,,1,0,FALSE,,"Guadalupe County, TX, USA",29.53885937,-97.89949412,8,,,FALSE,,,Texas,Queen,Danaus gilippus,Queen,Insecta,51743,Hexapoda,Danaus gilippus,
57703441,2019/08/09 5:32 AM EDT,8/9/2019,2019-08-09 15:32:00 UTC,Hawaii,3521912,outonalimb,2020-08-27 03:23:02 UTC,2020-08-27 21:28:56 UTC,research,CC-BY-ND,https://www.inaturalist.org/observations/57703441,https://static.inaturalist.org/photos/92067109/medium.jpeg?1598498401,https://static.inaturalist.org/photos/92067109/medium.jpeg?1598498401,butterfly,,,3,0,FALSE,,"Ontario, CA",43.91183751,-78.24825895,36,obscured,open,TRUE,,,,Monarch,Danaus plexippus,Monarch,Insecta,48662,Hexapoda,Danaus plexippus,
57703442,2019/08/30 2:09 PM EDT,8/30/2019,2019-08-30 18:09:00 UTC,America/New_York,3521912,outonalimb,2020-08-27 03:23:02 UTC,2020-08-27 21:28:48 UTC,research,CC-BY-ND,https://www.inaturalist.org/observations/57703442,https://static.inaturalist.org/photos/92067120/medium.jpeg?1598498405,https://static.inaturalist.org/photos/92067120/medium.jpeg?1598498405,butterfly,,,3,0,FALSE,,"Ontario, CA",43.92759453,-78.3632927,36,obscured,open,TRUE,,,,Monarch,Danaus plexippus,Monarch,Insecta,48662,Hexapoda,Danaus plexippus,
57703449,2019/08/09 5:29 AM EDT,8/9/2019,2019-08-09 15:29:00 UTC,Hawaii,3521912,outonalimb,2020-08-27 03:23:03 UTC,2020-08-27 21:28:40 UTC,research,CC-BY-ND,https://www.inaturalist.org/observations/57703449,https://static.inaturalist.org/photos/92067162/medium.jpeg?1598498428,https://static.inaturalist.org/photos/92067162/medium.jpeg?1598498428,butterfly,,,3,0,FALSE,,"Ontario, CA",43.89623157,-78.36325145,36,obscured,open,TRUE,,,,Monarch,Danaus plexippus,Monarch,Insecta,48662,Hexapoda,Danaus plexippus,
57725217,2020-08-26 12:37:31 PM ADT,8/26/2020,2020-08-26 15:37:31 UTC,Atlantic Time (Canada),555202,allison_patrick,2020-08-27 12:26:12 UTC,2020-08-27 20:18:58 UTC,research,CC-BY-ND,https://www.inaturalist.org/observations/57725217,https://static.inaturalist.org/photos/92103959/medium.jpeg?1598531177,https://static.inaturalist.org/photos/92103959/medium.jpeg?1598531177,butterfly,,,2,0,FALSE,2,"Greenwich Parish, NB, Canada",45.51767774,-66.06611118,5,,open,FALSE,gps,gps,,Monarch,Danaus plexippus,Monarch,Insecta,48662,Hexapoda,Danaus plexippus,
58023446,2020/08/29 3:34 PM EDT,8/29/2020,2020-08-29 19:34:00 UTC,Eastern Time (US & Canada),469795,pdabell,2020-08-30 13:35:31 UTC,2020-08-30 21:50:07 UTC,research,CC-BY-ND,https://www.inaturalist.org/observations/58023446,https://static.inaturalist.org/photos/92588787/medium.jpeg?1598786578,https://static.inaturalist.org/photos/92588787/medium.jpeg?1598786578,butterfly,,Host: Cornus racemosa,2,0,FALSE,,"Waterloo Regional Municipality, ON, Canada",43.467715,-80.70078,10,,open,FALSE,,,,Monarch,Danaus plexippus,Monarch,Insecta,48662,Hexapoda,Danaus plexippus,
58100063,2020/08/30 4:26 PM EDT,8/30/2020,2020-08-30 20:26:00 UTC,Eastern Time (US & Canada),1087167,karolp,2020-08-30 23:59:09 UTC,2020-08-31 02:48:38 UTC,research,CC-BY-NC,https://www.inaturalist.org/observations/58100063,https://static.inaturalist.org/photos/92726065/medium.jpg?1598831521,https://static.inaturalist.org/photos/92726065/medium.jpg?1598831521,butterfly,,,1,0,FALSE,,"Sunbury, PA 17801, USA",40.84659057,-76.80469506,15,,,FALSE,,,Pennsylvania,Monarch,Danaus plexippus,Monarch,Insecta,48662,Hexapoda,Danaus plexippus,
58145057,2020/08/30 11:04 AM EDT,8/30/2020,2020-08-30 15:04:00 UTC,Eastern Time (US & Canada),1000661,ccgibbons,2020-08-31 14:00:21 UTC,2020-08-31 14:37:43 UTC,research,,https://www.inaturalist.org/observations/58145057,https://static.inaturalist.org/photos/92804227/medium.jpeg?1598881895,https://static.inaturalist.org/photos/92804227/medium.jpeg?1598881895,butterfly,,,1,0,FALSE,,"Clarke County, VA, USA",39.0637922,-78.06475112,758,,,FALSE,,,Virginia,Monarch,Danaus plexippus,Monarch,Insecta,48662,Hexapoda,Danaus plexippus,
59582046,2020-09-07 1:06:03 PM CDT,9/7/2020,2020-09-07 18:06:03 UTC,Central Time (US & Canada),384160,enrique_mejia,2020-09-14 15:42:01 UTC,2020-10-08 02:08:26 UTC,research,CC-BY-ND,https://www.inaturalist.org/observations/59582046,https://static.inaturalist.org/photos/95211464/medium.jpeg?1600098128,https://static.inaturalist.org/photos/95211464/medium.jpeg?1600098128,butterfly,,,6,1,FALSE,2,"León, Gto., México",21.17333333,-101.6844444,,,open,FALSE,gps,gps,Guanajuato,Mariposa reina,Danaus gilippus,Queen,Insecta,51743,Hexapoda,Danaus gilippus,
60476890,Tue Sep 22 2020 17:39:49 GMT-0700 (PDT),9/22/2020,2020-09-23 00:39:49 UTC,Pacific Time (US & Canada),994233,bonnienickel,2020-09-23 00:46:45 UTC,2020-09-23 00:50:02 UTC,research,CC-BY-ND,https://www.inaturalist.org/observations/60476890,https://static.inaturalist.org/photos/96707888/medium.jpg?1600822009,https://static.inaturalist.org/photos/96707888/medium.jpg?1600822009,butterfly,,,1,0,FALSE,3,"Charles St, San Diego, CA, US",32.71806667,-117.2442467,13,,,FALSE,,,California,Monarch,Danaus plexippus,Monarch,Insecta,48662,Hexapoda,Danaus plexippus,
61922324,Mon Oct 05 2020 16:52:06 GMT-0700 (PDT),10/5/2020,2020-10-05 23:52:06 UTC,Pacific Time (US & Canada),835025,jennipeters,2020-10-07 03:42:58 UTC,2020-10-07 05:50:03 UTC,research,CC0,https://www.inaturalist.org/observations/61922324,https://static.inaturalist.org/photos/99148250/medium.jpg?1602042183,https://static.inaturalist.org/photos/99148250/medium.jpg?1602042183,butterfly,,,2,0,FALSE,3,"14th Ave, Santa Cruz, CA, US",36.96698112,-121.9898761,48,,,FALSE,,,California,Monarch,Danaus plexippus,Monarch,Insecta,48662,Hexapoda,Danaus plexippus,
